1,1.0,None,None, 0.7593856655290102, 0.8285714285714286
1,1.0,None,None, 0.7777777777777778, 0.75177304964539
1,1.0,None,None, 0.770940170940171, 0.7801418439716312
1,1.0,None,None, 0.7827586206896552, 0.7328767123287672
1,1.0,None,None, 0.7025, 0.69
1,1.0,None,None, 0.6875, 0.75
1,1.0,None,None, 0.69125, 0.735
1,1.0,None,None, 0.716321243523316, 0.7150259067357513
1,1.0,None,None, 0.69375, 0.725
1,1.0,None,None, 0.69125, 0.735
1,1.0,None,None, 0.7747440273037542, 0.7642857142857142
1,1.0,None,None, 0.6975, 0.71
1,1.0,None,None, 0.7025, 0.69
1,1.0,None,None, 0.705, 0.68
1,1.0,None,None, 0.705, 0.68
1,1.0,None,None, 0.7, 0.7
1,1.0,None,None, 0.778534923339012, 0.7482014388489209
1,1.0,None,None, 0.7107652399481194, 0.7371134020618557
1,1.0,None,None, 0.7, 0.7
1,1.0,None,None, 0.70625, 0.675
1,1.0,None,None, 0.69875, 0.705
1,1.0,None,None, 0.7, 0.7
1,1.0,None,None, 0.7684391080617495, 0.7902097902097902
1,1.0,None,None, 0.7677304964539007, 0.7901234567901234
1,1.0,None,None, 0.7100130039011704, 0.7397959183673469
1,1.0,None,None, 0.7589743589743589, 0.8297872340425532
1,1.0,None,None, 0.715, 0.64
1,1.0,None,None, 0.70375, 0.685
1,1.0,None,None, 0.69375, 0.725
1,1.0,None,None, 0.7775831873905429, 0.7548387096774194
1,1.0,None,None, 0.7245989304812834, 0.723404255319149
1,1.0,None,None, 0.695, 0.72
1,1.0,None,None, 0.69875, 0.705
1,1.0,None,None, 0.71, 0.66
1,1.0,None,None, 0.7729636048526863, 0.7718120805369127
1,1.0,None,None, 0.70375, 0.685
1,1.0,None,None, 0.69125, 0.735
1,1.0,None,None, 0.70625, 0.675
1,1.0,None,None, 0.7, 0.7
1,1.0,None,None, 0.695, 0.72
1,1.0,None,None, 0.714828897338403, 0.6717171717171717
1,1.0,None,None, 0.70375, 0.685
1,1.0,None,None, 0.69125, 0.735
1,1.0,None,None, 0.7671232876712328, 0.795774647887324
1,1.0,None,None, 0.70375, 0.685
1,1.0,None,None, 0.7651122625215889, 0.8027210884353742
1,1.0,None,None, 0.70875, 0.665
1,1.0,None,None, 0.7738095238095238, 0.7681159420289855
1,1.0,None,None, 0.7238605898123325, 0.7263157894736842
1,1.0,None,None, 0.7731958762886598, 0.7708333333333334
1,1.0,None,None, 0.70375, 0.685
1,1.0,None,None, 0.7555555555555555, 0.8439716312056738
1,1.0,None,None, 0.703125, 0.766497461928934
1,1.0,None,None, 0.7688356164383562, 0.7887323943661971
1,1.0,None,None, 0.7806563039723662, 0.7414965986394558
1,1.0,None,None, 0.7785467128027682, 0.75
1,1.0,None,None, 0.71375, 0.645
1,1.0,None,None, 0.705, 0.68
1,1.0,None,None, 0.69875, 0.705
1,1.0,None,None, 0.7831325301204819, 0.7310344827586207
1,1.0,None,None, 0.7781629116117851, 0.7516778523489933
1,1.0,None,None, 0.7025, 0.69
1,1.0,None,None, 0.7729636048526863, 0.7718120805369127
1,1.0,None,None, 0.695, 0.72
1,1.0,None,None, 0.7025, 0.69
1,1.0,None,None, 0.7684391080617495, 0.7902097902097902
1,1.0,None,None, 0.715, 0.64
1,1.0,None,None, 0.7688356164383562, 0.7887323943661971
1,1.0,None,None, 0.7651122625215889, 0.8027210884353742
1,1.0,None,None, 0.7796901893287436, 0.7448275862068966
1,1.0,None,None, 0.7793345008756567, 0.7483870967741936
1,1.0,None,None, 0.72, 0.62
1,1.0,None,None, 0.705, 0.68
1,1.0,None,None, 0.7, 0.7
1,1.0,None,None, 0.7692307692307693, 0.7872340425531915
1,1.0,None,None, 0.70875, 0.665
1,1.0,None,None, 0.7174193548387097, 0.7105263157894737
1,1.0,None,None, 0.7668393782383419, 0.7959183673469388
1,1.0,None,None, 0.7653061224489796, 0.8043478260869565
1,1.0,None,None, 0.7646048109965635, 0.8055555555555556
1,1.0,None,None, 0.6975, 0.71
1,1.0,None,None, 0.7637931034482759, 0.8082191780821918
1,1.0,None,None, 0.70375, 0.685
1,1.0,None,None, 0.68875, 0.745
1,1.0,None,None, 0.695, 0.72
1,1.0,None,None, 0.71375, 0.645
1,1.0,None,None, 0.7773913043478261, 0.7549668874172185
1,1.0,None,None, 0.7125, 0.65
1,1.0,None,None, 0.7739130434782608, 0.7682119205298014
1,1.0,None,None, 0.781786941580756, 0.7361111111111112
1,1.0,None,None, 0.7643979057591623, 0.803921568627451
1,1.0,None,None, 0.70125, 0.695
1,1.0,None,None, 0.71125, 0.655
1,1.0,None,None, 0.7278645833333334, 0.6700507614213198
1,1.0,None,None, 0.7796901893287436, 0.7448275862068966
1,1.0,None,None, 0.70875, 0.665
1,1.0,None,None, 0.7, 0.7
1,1.0,None,None, 0.71375, 0.645
1,1.0,None,None, 0.695, 0.72
1,1.0,None,None, 0.7033792240300375, 0.69
2,5.0,None,None, 0.7395543175487466, 0.7640449438202247
2,5.5,None,None, 0.7709580838323353, 0.7317073170731707
2,5.166666666666667,None,None, 0.7977883096366508, 0.71875
2,5.0,None,None, 0.7672281776416539, 0.782608695652174
2,5.0,None,None, 0.7740458015267175, 0.7861635220125787
2,5.0,None,None, 0.7829861111111112, 0.8309859154929577
2,5.333333333333333,None,None, 0.7581967213114754, 0.6574585635359116
2,5.0,None,None, 0.7812995245641838, 0.7197452229299363
2,4.833333333333333,None,None, 0.7993421052631579, 0.7727272727272727
2,5.0,None,None, 0.7795620437956204, 0.7212121212121212
2,5.0,None,None, 0.7781512605042017, 0.7908496732026143
2,4.833333333333333,None,None, 0.780373831775701, 0.803921568627451
2,5.0,None,None, 0.7893890675241158, 0.7337662337662337
2,5.166666666666667,None,None, 0.785829307568438, 0.8092105263157895
2,5.0,None,None, 0.7953736654804271, 0.8145161290322581
2,5.166666666666667,None,None, 0.789049919484702, 0.7631578947368421
2,5.166666666666667,None,None, 0.7593659942363112, 0.7401129943502824
2,4.833333333333333,None,None, 0.7813455657492355, 0.7647058823529411
2,5.0,None,None, 0.7680722891566265, 0.782051282051282
2,5.333333333333333,None,None, 0.7569955817378498, 0.7558139534883721
2,5.0,None,None, 0.770739064856712, 0.7621951219512195
2,5.166666666666667,None,None, 0.7725903614457831, 0.7300613496932515
2,5.5,None,None, 0.8013136288998358, 0.7304964539007093
2,5.0,None,None, 0.7947454844006568, 0.7763157894736842
2,5.166666666666667,None,None, 0.7893890675241158, 0.7635135135135135
2,5.0,None,None, 0.7540453074433657, 0.7875
2,5.0,None,None, 0.7546628407460545, 0.7415730337078652
2,5.0,None,None, 0.7706422018348624, 0.7441860465116279
2,5.166666666666667,None,None, 0.7720706260032103, 0.7777777777777778
2,5.0,None,None, 0.7570370370370371, 0.7470588235294118
2,5.5,None,None, 0.7813953488372093, 0.7243589743589743
2,5.0,None,None, 0.7682333873581848, 0.8344370860927153
2,5.0,None,None, 0.7692307692307693, 0.6932515337423313
2,5.0,None,None, 0.7386196769456681, 0.7833333333333333
2,5.833333333333333,None,None, 0.8049645390070922, 0.8296296296296296
2,5.0,None,None, 0.7870370370370371, 0.7763975155279503
2,5.666666666666667,None,None, 0.7707006369426752, 0.8
2,5.0,None,None, 0.75037147102526, 0.7630057803468208
2,5.0,None,None, 0.7942583732057417, 0.7232704402515723
2,5.0,None,None, 0.7908163265306123, 0.8120805369127517
2,5.0,None,None, 0.7356643356643356, 0.757396449704142
2,5.0,None,None, 0.803921568627451, 0.7066666666666667
2,5.0,None,None, 0.7631205673758865, 0.7329545454545454
2,5.0,None,None, 0.7350199733688415, 0.6666666666666666
2,5.0,None,None, 0.7753846153846153, 0.7452229299363057
2,5.166666666666667,None,None, 0.7674418604651163, 0.7151515151515152
2,5.166666666666667,None,None, 0.7865353037766831, 0.7677419354838709
2,4.833333333333333,None,None, 0.7785016286644951, 0.8201438848920863
2,5.666666666666667,None,None, 0.746268656716418, 0.7668711656441718
2,5.0,None,None, 0.7592319054652881, 0.7810650887573964
2,5.166666666666667,None,None, 0.7859477124183006, 0.7707006369426752
2,5.0,None,None, 0.736986301369863, 0.7431693989071039
2,5.0,None,None, 0.7605421686746988, 0.7212121212121212
2,5.166666666666667,None,None, 0.7747603833865815, 0.7987421383647799
2,5.0,None,None, 0.7525035765379113, 0.7377049180327869
2,5.0,None,None, 0.7733918128654971, 0.6941176470588235
2,5.666666666666667,None,None, 0.7562326869806094, 0.6847826086956522
2,5.166666666666667,None,None, 0.7503392130257802, 0.6847826086956522
2,5.0,None,None, 0.7870967741935484, 0.756578947368421
2,5.5,None,None, 0.7567934782608695, 0.6702127659574468
2,5.0,None,None, 0.7933884297520661, 0.7986111111111112
2,5.166666666666667,None,None, 0.7888, 0.7727272727272727
2,5.0,None,None, 0.7606299212598425, 0.8
2,5.166666666666667,None,None, 0.8162251655629139, 0.740506329113924
2,5.0,None,None, 0.7653213751868461, 0.7471264367816092
2,6.333333333333333,None,None, 0.779788838612368, 0.6927710843373494
2,5.166666666666667,None,None, 0.8094405594405595, 0.7843137254901961
2,4.833333333333333,None,None, 0.7753846153846153, 0.7976190476190477
2,5.333333333333333,None,None, 0.7324324324324324, 0.745945945945946
2,5.0,None,None, 0.7542857142857143, 0.7314285714285714
2,5.0,None,None, 0.8127272727272727, 0.8344827586206897
2,5.0,None,None, 0.7881219903691814, 0.7647058823529411
2,5.0,None,None, 0.809009009009009, 0.7928571428571428
2,5.0,None,None, 0.7838283828382838, 0.8116883116883117
2,5.166666666666667,None,None, 0.7871674491392802, 0.7630057803468208
2,5.0,None,None, 0.7968476357267951, 0.8082191780821918
2,5.0,None,None, 0.7728, 0.7916666666666666
2,5.0,None,None, 0.8166089965397924, 0.7050359712230215
2,5.0,None,None, 0.806282722513089, 0.8175675675675675
2,5.666666666666667,None,None, 0.7289972899728997, 0.7486631016042781
2,5.0,None,None, 0.8115183246073299, 0.7591240875912408
2,5.0,None,None, 0.7655068078668684, 0.7239263803680982
2,5.666666666666667,None,None, 0.7860696517412935, 0.8098591549295775
2,5.0,None,None, 0.7749627421758569, 0.7454545454545455
2,5.0,None,None, 0.7890625, 0.782608695652174
2,5.0,None,None, 0.7808, 0.7777777777777778
2,5.166666666666667,None,None, 0.7631578947368421, 0.7471264367816092
2,5.0,None,None, 0.8035714285714286, 0.7161290322580646
2,5.0,None,None, 0.7288135593220338, 0.7556818181818182
2,5.0,None,None, 0.7292517006802721, 0.6902173913043478
2,5.0,None,None, 0.7701674277016742, 0.7484662576687117
2,5.333333333333333,None,None, 0.7341430499325237, 0.7445652173913043
2,5.0,None,None, 0.7932148626817448, 0.7748344370860927
2,5.0,None,None, 0.7980295566502463, 0.7439024390243902
2,5.666666666666667,None,None, 0.7610241820768137, 0.6888888888888889
2,5.166666666666667,None,None, 0.7913322632423756, 0.7544910179640718
2,5.0,None,None, 0.7595712098009189, 0.7484662576687117
1,1.0,None,None, 0.7075, 0.67
1,1.0,None,None, 0.768581081081081, 0.7910447761194029
1,1.0,None,None, 0.695, 0.72
1,1.0,None,None, 0.7750865051903114, 0.7635135135135135
1,1.0,None,None, 0.7, 0.7
1,1.0,None,None, 0.7660311958405546, 0.7986577181208053
1,1.0,None,None, 0.7139175257731959, 0.7248677248677249
1,1.0,None,None, 0.7839721254355401, 0.7302631578947368
1,1.0,None,None, 0.69875, 0.705
1,1.0,None,None, 0.7636986301369864, 0.8098591549295775
1,1.0,None,None, 0.70375, 0.685
1,1.0,None,None, 0.7712305025996534, 0.7785234899328859
1,1.0,None,None, 0.7016434892541087, 0.7244897959183674
1,1.0,None,None, 0.6875, 0.75
1,1.0,None,None, 0.71484375, 0.7210526315789474
1,1.0,None,None, 0.70375, 0.685
1,1.0,None,None, 0.7025, 0.69
1,1.0,None,None, 0.70125, 0.695
1,1.0,None,None, 0.70625, 0.675
1,1.0,None,None, 0.7602739726027398, 0.823943661971831
1,1.0,None,None, 0.7875647668393783, 0.7142857142857143
1,1.0,None,None, 0.7743055555555556, 0.7666666666666667
1,1.0,None,None, 0.7729636048526863, 0.7718120805369127
1,1.0,None,None, 0.7827586206896552, 0.7328767123287672
1,1.0,None,None, 0.7117794486215538, 0.66
1,1.0,None,None, 0.7025, 0.69
1,1.0,None,None, 0.71, 0.66
1,1.0,None,None, 0.68875, 0.745
1,1.0,None,None, 0.7135416666666666, 0.7258883248730964
1,1.0,None,None, 0.69125, 0.735
1,1.0,None,None, 0.774526678141136, 0.7655172413793103
1,1.0,None,None, 0.705, 0.68
1,1.0,None,None, 0.7719594594594594, 0.7761194029850746
1,1.0,None,None, 0.7094682230869002, 0.7422680412371134
1,1.0,None,None, 0.7837370242214533, 0.7297297297297297
1,1.0,None,None, 0.6975, 0.71
1,1.0,None,None, 0.6975, 0.71
1,1.0,None,None, 0.70375, 0.685
1,1.0,None,None, 0.70625, 0.675
1,1.0,None,None, 0.695, 0.72
1,1.0,None,None, 0.6975, 0.71
1,1.0,None,None, 0.7756521739130435, 0.7615894039735099
1,1.0,None,None, 0.7229381443298969, 0.6878306878306878
1,1.0,None,None, 0.71, 0.66
1,1.0,None,None, 0.7, 0.7
1,1.0,None,None, 0.71875, 0.625
1,1.0,None,None, 0.7835951134380453, 0.7320261437908496
1,1.0,None,None, 0.70375, 0.685
1,1.0,None,None, 0.7781629116117851, 0.7516778523489933
1,1.0,None,None, 0.7, 0.7
1,1.0,None,None, 0.70625, 0.675
1,1.0,None,None, 0.6875, 0.75
1,1.0,None,None, 0.7, 0.7
1,1.0,None,None, 0.70375, 0.685
1,1.0,None,None, 0.69125, 0.735
1,1.0,None,None, 0.7025, 0.69
1,1.0,None,None, 0.7673611111111112, 0.7933333333333333
1,1.0,None,None, 0.774526678141136, 0.7655172413793103
1,1.0,None,None, 0.70875, 0.665
1,1.0,None,None, 0.7025, 0.69
1,1.0,None,None, 0.69875, 0.705
1,1.0,None,None, 0.69125, 0.735
1,1.0,None,None, 0.7025, 0.69
1,1.0,None,None, 0.68875, 0.745
1,1.0,None,None, 0.70125, 0.695
1,1.0,None,None, 0.7207792207792207, 0.6974358974358974
1,1.0,None,None, 0.7072243346007605, 0.702020202020202
1,1.0,None,None, 0.695, 0.72
1,1.0,None,None, 0.7734241908006815, 0.7697841726618705
1,1.0,None,None, 0.70875, 0.665
1,1.0,None,None, 0.7662116040955631, 0.8
1,1.0,None,None, 0.71125, 0.655
1,1.0,None,None, 0.70875, 0.665
1,1.0,None,None, 0.70625, 0.675
1,1.0,None,None, 0.705, 0.68
1,1.0,None,None, 0.6863237139272271, 0.7626262626262627
1,1.0,None,None, 0.7690972222222222, 0.7866666666666666
1,1.0,None,None, 0.70625, 0.675
1,1.0,None,None, 0.69375, 0.725
1,1.0,None,None, 0.69375, 0.725
1,1.0,None,None, 0.71125, 0.655
1,1.0,None,None, 0.7740805604203153, 0.7677419354838709
1,1.0,None,None, 0.7234600262123198, 0.7157894736842105
1,1.0,None,None, 0.71, 0.66
1,1.0,None,None, 0.71625, 0.635
1,1.0,None,None, 0.70375, 0.685
1,1.0,None,None, 0.7698961937716263, 0.7837837837837838
1,1.0,None,None, 0.70375, 0.685
1,1.0,None,None, 0.7653061224489796, 0.8043478260869565
1,1.0,None,None, 0.70125, 0.695
1,1.0,None,None, 0.695, 0.72
1,1.0,None,None, 0.7952218430034129, 0.6785714285714286
1,1.0,None,None, 0.705, 0.68
1,1.0,None,None, 0.69, 0.74
1,1.0,None,None, 0.7616580310880829, 0.8163265306122449
1,1.0,None,None, 0.7159533073929961, 0.7164948453608248
1,1.0,None,None, 0.7, 0.7
1,1.0,None,None, 0.7025, 0.69
1,1.0,None,None, 0.7705479452054794, 0.7816901408450704
1,1.0,None,None, 0.7694915254237288, 0.7867647058823529
2,5.0,None,None, 0.7956448911222781, 0.78
2,5.0,None,None, 0.7968, 0.7469879518072289
2,5.666666666666667,None,None, 0.7822706065318819, 0.7692307692307693
2,5.0,None,None, 0.7950819672131147, 0.7553956834532374
2,6.333333333333333,None,None, 0.7462482946793997, 0.6939890710382514
2,5.0,None,None, 0.7938808373590982, 0.7328767123287672
2,5.166666666666667,None,None, 0.7640791476407914, 0.7831325301204819
2,5.0,None,None, 0.7604790419161677, 0.7639751552795031
2,5.0,None,None, 0.809009009009009, 0.8
2,5.166666666666667,None,None, 0.7839506172839507, 0.7515527950310559
2,5.0,None,None, 0.7767722473604827, 0.7345679012345679
2,5.0,None,None, 0.7967741935483871, 0.7181208053691275
2,5.0,None,None, 0.7661764705882353, 0.7218934911242604
2,5.0,None,None, 0.7875816993464052, 0.7267080745341615
2,4.833333333333333,None,None, 0.7544581618655692, 0.6868131868131868
2,5.0,None,None, 0.7738998482549317, 0.7692307692307693
2,5.166666666666667,None,None, 0.7405329593267882, 0.7204301075268817
2,5.166666666666667,None,None, 0.7835703001579779, 0.7564102564102564
2,5.0,None,None, 0.7313432835820896, 0.7679558011049724
2,5.0,None,None, 0.8, 0.6975308641975309
2,4.833333333333333,None,None, 0.7854785478547854, 0.808641975308642
2,5.0,None,None, 0.746031746031746, 0.7891566265060241
2,5.0,None,None, 0.7593659942363112, 0.7017543859649122
2,5.333333333333333,None,None, 0.743801652892562, 0.7213114754098361
2,5.0,None,None, 0.7898894154818326, 0.7515151515151515
2,5.166666666666667,None,None, 0.8165784832451499, 0.7191780821917808
2,5.0,None,None, 0.7682539682539683, 0.7922077922077922
2,5.166666666666667,None,None, 0.7851239669421488, 0.7635135135135135
2,5.333333333333333,None,None, 0.763046544428773, 0.7166666666666667
2,5.0,None,None, 0.7656716417910447, 0.75
2,5.166666666666667,None,None, 0.7862969004893964, 0.7777777777777778
2,5.0,None,None, 0.8141592920353983, 0.7769230769230769
2,5.0,None,None, 0.7908082408874801, 0.7354838709677419
2,5.0,None,None, 0.7648766328011611, 0.7314285714285714
2,5.0,None,None, 0.8019639934533551, 0.7697841726618705
2,5.5,None,None, 0.7520775623268698, 0.7318435754189944
2,5.0,None,None, 0.8237410071942446, 0.7635135135135135
2,5.166666666666667,None,None, 0.8056537102473498, 0.7866666666666666
2,5.0,None,None, 0.7625368731563422, 0.7790697674418605
2,5.0,None,None, 0.8185117967332124, 0.7676056338028169
2,5.0,None,None, 0.7475177304964539, 0.7318435754189944
2,5.0,None,None, 0.8234265734265734, 0.7388059701492538
2,5.166666666666667,None,None, 0.7913907284768212, 0.7579617834394905
2,5.166666666666667,None,None, 0.7601156069364162, 0.7098765432098766
2,5.0,None,None, 0.7770700636942676, 0.7666666666666667
2,5.833333333333333,None,None, 0.7598314606741573, 0.7065217391304348
2,5.0,None,None, 0.799645390070922, 0.8181818181818182
2,5.0,None,None, 0.8193916349809885, 0.8296296296296296
2,5.166666666666667,None,None, 0.7892976588628763, 0.7816901408450704
2,5.0,None,None, 0.7904468412942989, 0.7345679012345679
2,5.0,None,None, 0.7255689424364123, 0.7291666666666666
2,5.166666666666667,None,None, 0.7379972565157751, 0.7340425531914894
2,5.666666666666667,None,None, 0.7705696202531646, 0.8066666666666666
2,5.0,None,None, 0.7551319648093842, 0.7558139534883721
2,5.0,None,None, 0.7719869706840391, 0.8133333333333334
2,5.166666666666667,None,None, 0.7789799072642968, 0.7701863354037267
2,5.0,None,None, 0.8086206896551724, 0.756578947368421
2,5.0,None,None, 0.7933884297520661, 0.7712418300653595
2,5.0,None,None, 0.7788944723618091, 0.795774647887324
2,5.166666666666667,None,None, 0.79585326953748, 0.7439024390243902
2,5.0,None,None, 0.8192982456140351, 0.7659574468085106
2,5.166666666666667,None,None, 0.7889908256880734, 0.6933333333333334
2,5.0,None,None, 0.7808219178082192, 0.7267080745341615
2,5.166666666666667,None,None, 0.7819314641744548, 0.7391304347826086
2,5.0,None,None, 0.7853658536585366, 0.7848101265822784
2,5.0,None,None, 0.7671875, 0.7655172413793103
2,5.0,None,None, 0.7609970674486803, 0.6744186046511628
2,5.5,None,None, 0.7763578274760383, 0.7197452229299363
2,5.0,None,None, 0.78125, 0.7861635220125787
2,5.0,None,None, 0.7725258493353028, 0.6966292134831461
2,5.0,None,None, 0.7868098159509203, 0.7070063694267515
2,5.166666666666667,None,None, 0.8165784832451499, 0.8
2,6.333333333333333,None,None, 0.7344173441734417, 0.7287234042553191
2,5.166666666666667,None,None, 0.7802907915993538, 0.7839506172839507
2,5.166666666666667,None,None, 0.7698170731707317, 0.7797619047619048
2,5.0,None,None, 0.7403314917127072, 0.6923076923076923
2,5.166666666666667,None,None, 0.7817589576547231, 0.7464788732394366
2,5.166666666666667,None,None, 0.7782874617737003, 0.7388535031847133
2,5.166666666666667,None,None, 0.7474302496328928, 0.8066298342541437
2,5.0,None,None, 0.7967213114754098, 0.7876712328767124
2,5.0,None,None, 0.7829581993569131, 0.7530864197530864
2,5.0,None,None, 0.8003533568904594, 0.8181818181818182
2,5.0,None,None, 0.7824620573355818, 0.8120805369127517
2,5.0,None,None, 0.7275320970042796, 0.7821229050279329
2,5.0,None,None, 0.7849829351535836, 0.8435374149659864
2,5.0,None,None, 0.7723214285714286, 0.7411764705882353
2,5.833333333333333,None,None, 0.7702702702702703, 0.7368421052631579
2,4.833333333333333,None,None, 0.7760736196319018, 0.7012195121951219
2,5.0,None,None, 0.7609682299546142, 0.76875
2,5.166666666666667,None,None, 0.7895595432300163, 0.75625
2,5.0,None,None, 0.7885615251299827, 0.8253968253968254
2,5.666666666666667,None,None, 0.779578606158833, 0.7911392405063291
2,5.833333333333333,None,None, 0.7559943582510579, 0.75
2,5.0,None,None, 0.7820299500831946, 0.7919463087248322
2,5.0,None,None, 0.7263157894736842, 0.6994818652849741
2,5.0,None,None, 0.7597597597597597, 0.7806451612903226
2,5.0,None,None, 0.8018867924528302, 0.8
2,5.0,None,None, 0.7631578947368421, 0.7329545454545454
2,5.0,None,None, 0.7399425287356322, 0.7062146892655368
2,5.0,None,None, 0.7964743589743589, 0.7621951219512195
3,21.0,None,None, 0.7957639939485628, 0.7378048780487805
3,21.666666666666668,None,None, 0.8237232289950577, 0.7696969696969697
3,23.833333333333332,None,None, 0.8490566037735849, 0.7642857142857142
3,19.666666666666668,None,None, 0.8460207612456747, 0.7243589743589743
3,22.166666666666668,None,None, 0.8199672667757774, 0.7875
3,21.666666666666668,None,None, 0.788235294117647, 0.7543859649122807
3,20.0,None,None, 0.8187702265372169, 0.7452229299363057
3,21.333333333333332,None,None, 0.8392554991539763, 0.7986111111111112
3,20.166666666666668,None,None, 0.838160136286201, 0.743421052631579
3,18.0,None,None, 0.8568904593639576, 0.7619047619047619
3,20.666666666666668,None,None, 0.8357487922705314, 0.7397260273972602
3,22.5,None,None, 0.8247078464106845, 0.7615894039735099
3,21.5,None,None, 0.849290780141844, 0.831081081081081
3,22.666666666666668,None,None, 0.8500851788756388, 0.7635135135135135
3,17.833333333333332,None,None, 0.86, 0.740506329113924
3,20.333333333333332,None,None, 0.8316831683168316, 0.8014184397163121
3,20.833333333333332,None,None, 0.8465430016863407, 0.7291666666666666
3,21.5,None,None, 0.8617594254937163, 0.8164556962025317
3,19.166666666666668,None,None, 0.7975460122699386, 0.8024691358024691
3,22.333333333333332,None,None, 0.8204283360790774, 0.7417218543046358
3,21.333333333333332,None,None, 0.8464285714285714, 0.762589928057554
3,20.0,None,None, 0.8189368770764119, 0.7806451612903226
3,20.5,None,None, 0.8205546492659054, 0.7884615384615384
3,23.0,None,None, 0.8578767123287672, 0.7559055118110236
3,20.0,None,None, 0.8482293423271501, 0.7333333333333333
3,19.0,None,None, 0.8118361153262519, 0.7012195121951219
3,21.166666666666668,None,None, 0.8282009724473258, 0.7378048780487805
3,20.5,None,None, 0.8399311531841652, 0.7867647058823529
3,22.5,None,None, 0.8408710217755444, 0.7533333333333333
3,19.666666666666668,None,None, 0.8378812199036918, 0.7
3,20.0,None,None, 0.8219633943427621, 0.782312925170068
3,18.666666666666668,None,None, 0.814935064935065, 0.79375
3,21.666666666666668,None,None, 0.8272425249169435, 0.7583892617449665
3,19.833333333333332,None,None, 0.8322475570032574, 0.7516778523489933
3,19.166666666666668,None,None, 0.8033282904689864, 0.7272727272727273
3,23.0,None,None, 0.8458781362007168, 0.8217054263565892
3,23.166666666666668,None,None, 0.8316831683168316, 0.7297297297297297
3,19.666666666666668,None,None, 0.8155339805825242, 0.7533333333333333
3,20.666666666666668,None,None, 0.8327974276527331, 0.7358490566037735
3,22.166666666666668,None,None, 0.7978395061728395, 0.7901234567901234
3,19.5,None,None, 0.8959537572254336, 0.7647058823529411
3,21.0,None,None, 0.8250825082508251, 0.7701863354037267
3,19.0,None,None, 0.8369384359400999, 0.7133757961783439
3,19.0,None,None, 0.81875, 0.7630057803468208
3,19.166666666666668,None,None, 0.8341793570219966, 0.75
3,20.333333333333332,None,None, 0.8126984126984127, 0.75
3,19.833333333333332,None,None, 0.8210862619808307, 0.7872340425531915
3,21.0,None,None, 0.8128, 0.75
3,21.0,None,None, 0.8355263157894737, 0.7777777777777778
3,22.0,None,None, 0.8258706467661692, 0.759493670886076
3,21.833333333333332,None,None, 0.8406040268456376, 0.7727272727272727
3,21.0,None,None, 0.810641627543036, 0.7468354430379747
3,19.833333333333332,None,None, 0.8293918918918919, 0.7687074829931972
3,20.0,None,None, 0.8254486133768353, 0.7551020408163265
3,19.0,None,None, 0.80625, 0.7818181818181819
3,19.5,None,None, 0.836038961038961, 0.6666666666666666
3,23.0,None,None, 0.8480801335559266, 0.6753246753246753
3,20.666666666666668,None,None, 0.8368, 0.6545454545454545
3,22.666666666666668,None,None, 0.839527027027027, 0.7575757575757576
3,21.166666666666668,None,None, 0.8410714285714286, 0.7814569536423841
3,20.666666666666668,None,None, 0.83003300330033, 0.7621951219512195
3,21.0,None,None, 0.8232484076433121, 0.7579617834394905
3,22.0,None,None, 0.8563734290843806, 0.8222222222222222
3,21.166666666666668,None,None, 0.8252427184466019, 0.7295597484276729
3,20.166666666666668,None,None, 0.8352553542009885, 0.7857142857142857
3,21.666666666666668,None,None, 0.822866344605475, 0.7712418300653595
3,20.5,None,None, 0.8229508196721311, 0.7837837837837838
3,19.833333333333332,None,None, 0.8068181818181818, 0.7861635220125787
3,20.5,None,None, 0.7968992248062016, 0.7857142857142857
3,20.166666666666668,None,None, 0.8380165289256198, 0.7533333333333333
3,21.166666666666668,None,None, 0.8289036544850499, 0.7625
3,23.0,None,None, 0.835016835016835, 0.7733333333333333
3,22.0,None,None, 0.8116169544740973, 0.7058823529411765
3,21.166666666666668,None,None, 0.8239202657807309, 0.7960526315789473
3,19.0,None,None, 0.8316151202749141, 0.7655172413793103
3,21.666666666666668,None,None, 0.8330658105939005, 0.7697368421052632
3,19.333333333333332,None,None, 0.8297872340425532, 0.7659574468085106
3,21.0,None,None, 0.8188034188034188, 0.8120805369127517
3,19.666666666666668,None,None, 0.8414023372287145, 0.7605633802816901
3,20.166666666666668,None,None, 0.8429319371727748, 0.7647058823529411
3,22.666666666666668,None,None, 0.8456486042692939, 0.7161290322580646
3,19.5,None,None, 0.8316831683168316, 0.7931034482758621
3,20.833333333333332,None,None, 0.8358974358974359, 0.8
3,20.166666666666668,None,None, 0.8623693379790941, 0.8
3,21.0,None,None, 0.799373040752351, 0.7777777777777778
3,21.0,None,None, 0.8439716312056738, 0.8066666666666666
3,20.166666666666668,None,None, 0.8304794520547946, 0.8089171974522293
3,19.833333333333332,None,None, 0.8358714043993232, 0.8116883116883117
3,20.333333333333332,None,None, 0.8333333333333334, 0.7302631578947368
3,21.833333333333332,None,None, 0.8285714285714286, 0.7361111111111112
3,20.0,None,None, 0.8319039451114922, 0.851063829787234
3,21.166666666666668,None,None, 0.8388214904679376, 0.8037974683544303
3,19.166666666666668,None,None, 0.8278688524590164, 0.7577639751552795
3,20.833333333333332,None,None, 0.8084415584415584, 0.8427672955974843
3,19.333333333333332,None,None, 0.808282208588957, 0.7302631578947368
3,19.833333333333332,None,None, 0.8489208633093526, 0.8068965517241379
3,18.666666666666668,None,None, 0.8167456556082149, 0.7577639751552795
3,20.5,None,None, 0.8139904610492846, 0.775
3,19.166666666666668,None,None, 0.8336, 0.740506329113924
3,22.333333333333332,None,None, 0.8438030560271647, 0.765625
4,40.333333333333336,None,None, 0.875438596491228, 0.7902097902097902
4,41.5,None,None, 0.8712374581939799, 0.7793103448275862
4,42.0,None,None, 0.8735440931780366, 0.7302631578947368
4,44.166666666666664,None,None, 0.8747913188647746, 0.7883211678832117
4,45.833333333333336,None,None, 0.8700657894736842, 0.7615894039735099
4,40.833333333333336,None,None, 0.8877005347593583, 0.8027210884353742
4,41.333333333333336,None,None, 0.8775510204081632, 0.7647058823529411
4,41.5,None,None, 0.8767123287671232, 0.7761194029850746
4,42.0,None,None, 0.8791946308724832, 0.743421052631579
4,41.5,None,None, 0.8609271523178808, 0.808641975308642
4,40.333333333333336,None,None, 0.8554621848739495, 0.8367346938775511
4,40.333333333333336,None,None, 0.8496732026143791, 0.8012820512820513
4,43.166666666666664,None,None, 0.882960413080895, 0.8194444444444444
4,43.333333333333336,None,None, 0.8838821490467937, 0.7718120805369127
4,38.333333333333336,None,None, 0.8943661971830986, 0.7947019867549668
4,44.833333333333336,None,None, 0.8681506849315068, 0.7483443708609272
4,37.666666666666664,None,None, 0.8655172413793103, 0.7972972972972973
4,43.333333333333336,None,None, 0.8514851485148515, 0.8082191780821918
4,39.5,None,None, 0.8843416370106761, 0.8244274809160306
4,42.0,None,None, 0.8777969018932874, 0.7532467532467533
4,42.5,None,None, 0.8665540540540541, 0.7701863354037267
4,40.5,None,None, 0.8780068728522337, 0.7961783439490446
4,42.666666666666664,None,None, 0.8795379537953796, 0.72
4,40.5,None,None, 0.8550488599348535, 0.7862068965517242
4,42.333333333333336,None,None, 0.8865619546247818, 0.8226950354609929
4,39.0,None,None, 0.8836805555555556, 0.7448275862068966
4,42.666666666666664,None,None, 0.8743545611015491, 0.7654320987654321
4,42.333333333333336,None,None, 0.8776223776223776, 0.7987012987012987
4,44.0,None,None, 0.8597359735973598, 0.7658227848101266
4,41.166666666666664,None,None, 0.8597972972972973, 0.76
4,38.166666666666664,None,None, 0.8651315789473685, 0.7484662576687117
4,41.666666666666664,None,None, 0.8784722222222222, 0.7676056338028169
4,40.0,None,None, 0.8557213930348259, 0.7328767123287672
4,42.0,None,None, 0.8730964467005076, 0.8251748251748252
4,44.166666666666664,None,None, 0.8682432432432432, 0.7785234899328859
4,40.166666666666664,None,None, 0.8902654867256637, 0.7777777777777778
4,41.833333333333336,None,None, 0.8724489795918368, 0.7777777777777778
4,40.666666666666664,None,None, 0.8822525597269625, 0.7517241379310344
4,41.166666666666664,None,None, 0.8758503401360545, 0.756578947368421
4,43.666666666666664,None,None, 0.8745583038869258, 0.8435374149659864
4,46.0,None,None, 0.8802083333333334, 0.7622377622377622
4,38.166666666666664,None,None, 0.9008695652173913, 0.726027397260274
4,38.5,None,None, 0.8518518518518519, 0.7933333333333333
4,42.5,None,None, 0.851373182552504, 0.7839506172839507
4,39.5,None,None, 0.8489326765188834, 0.803921568627451
4,41.666666666666664,None,None, 0.8544839255499154, 0.8157894736842105
4,40.0,None,None, 0.8663194444444444, 0.7916666666666666
4,39.833333333333336,None,None, 0.875219683655536, 0.7666666666666667
4,39.333333333333336,None,None, 0.8903107861060329, 0.8251748251748252
4,43.0,None,None, 0.8730703259005146, 0.7707006369426752
4,41.833333333333336,None,None, 0.8802816901408451, 0.8226950354609929
4,43.5,None,None, 0.8535773710482529, 0.82
4,39.0,None,None, 0.8913412563667232, 0.7465753424657534
4,38.833333333333336,None,None, 0.8664383561643836, 0.8014184397163121
4,37.833333333333336,None,None, 0.8816466552315609, 0.7272727272727273
4,40.833333333333336,None,None, 0.864321608040201, 0.7761194029850746
4,44.666666666666664,None,None, 0.8730964467005076, 0.7922077922077922
4,40.333333333333336,None,None, 0.8442622950819673, 0.7862068965517242
4,41.0,None,None, 0.8701517706576728, 0.7533333333333333
4,37.666666666666664,None,None, 0.8503184713375797, 0.7423312883435583
4,39.5,None,None, 0.8611570247933884, 0.7777777777777778
4,40.333333333333336,None,None, 0.8846815834767642, 0.8
4,43.833333333333336,None,None, 0.8732638888888888, 0.7579617834394905
4,39.833333333333336,None,None, 0.8525121555915721, 0.7716049382716049
4,40.833333333333336,None,None, 0.8726655348047538, 0.777027027027027
4,42.333333333333336,None,None, 0.8894736842105263, 0.7516778523489933
4,41.166666666666664,None,None, 0.8831858407079646, 0.7720588235294118
4,41.5,None,None, 0.8966725043782837, 0.7357142857142858
4,44.0,None,None, 0.8710217755443886, 0.7426470588235294
4,43.5,None,None, 0.8982456140350877, 0.8142857142857143
4,40.333333333333336,None,None, 0.871304347826087, 0.8108108108108109
4,39.166666666666664,None,None, 0.8661016949152542, 0.7785234899328859
4,42.333333333333336,None,None, 0.9008849557522124, 0.7375886524822695
4,42.833333333333336,None,None, 0.8804159445407279, 0.7777777777777778
4,37.666666666666664,None,None, 0.8711864406779661, 0.8053691275167785
4,40.333333333333336,None,None, 0.8659966499162479, 0.7894736842105263
4,45.666666666666664,None,None, 0.8701754385964913, 0.841726618705036
4,40.333333333333336,None,None, 0.875, 0.8028169014084507
4,42.833333333333336,None,None, 0.8872053872053872, 0.75
4,40.666666666666664,None,None, 0.8640939597315436, 0.7875
4,38.666666666666664,None,None, 0.8483870967741935, 0.7662337662337663
4,44.5,None,None, 0.9090909090909091, 0.7972972972972973
4,42.833333333333336,None,None, 0.8685121107266436, 0.7857142857142857
4,39.666666666666664,None,None, 0.8761220825852782, 0.8145695364238411
4,39.5,None,None, 0.8606158833063209, 0.7388535031847133
4,41.833333333333336,None,None, 0.8859649122807017, 0.7655172413793103
4,40.333333333333336,None,None, 0.8595890410958904, 0.8055555555555556
4,40.0,None,None, 0.9107806691449815, 0.7785234899328859
4,43.833333333333336,None,None, 0.8890728476821192, 0.7333333333333333
4,38.0,None,None, 0.8504983388704319, 0.7453416149068323
4,42.0,None,None, 0.8732876712328768, 0.7482517482517482
4,41.5,None,None, 0.8754208754208754, 0.7410071942446043
4,41.0,None,None, 0.8767123287671232, 0.7677419354838709
4,41.0,None,None, 0.8631921824104235, 0.7643312101910829
4,41.333333333333336,None,None, 0.8773747841105354, 0.8026315789473685
4,45.333333333333336,None,None, 0.8752136752136752, 0.8394160583941606
4,42.666666666666664,None,None, 0.8398744113029827, 0.7305389221556886
4,40.666666666666664,None,None, 0.8611570247933884, 0.8116883116883117
4,42.666666666666664,None,None, 0.8732876712328768, 0.8129496402877698
4,40.666666666666664,None,None, 0.8702791461412152, 0.7432432432432432
5,54.333333333333336,None,None, 0.9138840070298769, 0.8145695364238411
5,52.333333333333336,None,None, 0.8881469115191987, 0.7866666666666666
5,52.833333333333336,None,None, 0.8798646362098139, 0.7371794871794872
5,50.166666666666664,None,None, 0.9092558983666061, 0.8248175182481752
5,52.0,None,None, 0.8913412563667232, 0.7482517482517482
5,54.333333333333336,None,None, 0.8943781942078365, 0.8175675675675675
5,54.5,None,None, 0.8860759493670886, 0.8333333333333334
5,51.0,None,None, 0.8883071553228621, 0.8013245033112583
5,56.5,None,None, 0.9054290718038529, 0.7635135135135135
5,53.833333333333336,None,None, 0.9129662522202486, 0.8307692307692308
5,53.333333333333336,None,None, 0.9188712522045855, 0.7379310344827587
5,54.166666666666664,None,None, 0.9252669039145908, 0.7483443708609272
5,52.5,None,None, 0.8921739130434783, 0.8439716312056738
5,52.666666666666664,None,None, 0.9102333931777379, 0.8226950354609929
5,58.333333333333336,None,None, 0.8881469115191987, 0.75
5,53.833333333333336,None,None, 0.9057971014492754, 0.8244274809160306
5,50.666666666666664,None,None, 0.8876033057851239, 0.75
5,49.833333333333336,None,None, 0.9013840830449827, 0.773972602739726
5,55.833333333333336,None,None, 0.9076376554174067, 0.7702702702702703
5,51.333333333333336,None,None, 0.9045138888888888, 0.777027027027027
5,51.166666666666664,None,None, 0.8994708994708994, 0.7945205479452054
5,54.0,None,None, 0.8866328257191202, 0.7421383647798742
5,50.833333333333336,None,None, 0.903448275862069, 0.7748344370860927
5,52.833333333333336,None,None, 0.8879598662207357, 0.7548387096774194
5,52.166666666666664,None,None, 0.9110320284697508, 0.7986111111111112
5,56.5,None,None, 0.8944636678200693, 0.8
5,49.0,None,None, 0.8768472906403941, 0.7876712328767124
5,54.0,None,None, 0.9035087719298246, 0.8137931034482758
5,52.333333333333336,None,None, 0.8811544991511036, 0.7571428571428571
5,54.666666666666664,None,None, 0.8900169204737732, 0.7847222222222222
5,51.666666666666664,None,None, 0.8833333333333333, 0.7583892617449665
5,51.0,None,None, 0.888507718696398, 0.7676056338028169
5,53.5,None,None, 0.8854166666666666, 0.8175675675675675
5,51.5,None,None, 0.8996539792387543, 0.743421052631579
5,54.166666666666664,None,None, 0.8922056384742952, 0.6942675159235668
5,49.166666666666664,None,None, 0.9086021505376344, 0.7959183673469388
5,54.0,None,None, 0.9065255731922398, 0.8214285714285714
5,53.333333333333336,None,None, 0.8850174216027874, 0.8066666666666666
5,53.166666666666664,None,None, 0.8756302521008403, 0.8092105263157895
5,49.333333333333336,None,None, 0.8868552412645591, 0.7647058823529411
5,56.166666666666664,None,None, 0.892436974789916, 0.7464788732394366
5,52.0,None,None, 0.8853288364249579, 0.8125
5,54.5,None,None, 0.877104377104377, 0.82
5,54.666666666666664,None,None, 0.8731218697829716, 0.7905405405405406
5,52.666666666666664,None,None, 0.9209621993127147, 0.7664233576642335
5,52.666666666666664,None,None, 0.8892857142857142, 0.8345323741007195
5,54.666666666666664,None,None, 0.9058219178082192, 0.7290322580645161
5,52.333333333333336,None,None, 0.8872305140961857, 0.7748344370860927
5,49.333333333333336,None,None, 0.8828522920203735, 0.7959183673469388
5,51.5,None,None, 0.8879456706281834, 0.7297297297297297
5,53.666666666666664,None,None, 0.9111498257839721, 0.7867647058823529
5,51.0,None,None, 0.9066901408450704, 0.7832167832167832
5,53.166666666666664,None,None, 0.8798701298701299, 0.7006369426751592
5,56.333333333333336,None,None, 0.87751677852349, 0.7315436241610739
5,55.5,None,None, 0.9175438596491228, 0.7785714285714286
5,53.5,None,None, 0.8932874354561101, 0.7671232876712328
5,53.0,None,None, 0.9147424511545293, 0.7448275862068966
5,53.333333333333336,None,None, 0.8962585034013606, 0.75
5,52.166666666666664,None,None, 0.8872305140961857, 0.76875
5,55.833333333333336,None,None, 0.8865979381443299, 0.852112676056338
5,56.166666666666664,None,None, 0.888507718696398, 0.7876712328767124
5,54.333333333333336,None,None, 0.8747913188647746, 0.7922077922077922
5,49.833333333333336,None,None, 0.8922558922558923, 0.7482014388489209
5,55.5,None,None, 0.8826530612244898, 0.773972602739726
5,47.833333333333336,None,None, 0.885, 0.7638888888888888
5,51.333333333333336,None,None, 0.9042553191489362, 0.792
5,52.166666666666664,None,None, 0.8784246575342466, 0.8120805369127517
5,52.833333333333336,None,None, 0.8835274542429284, 0.726027397260274
5,51.5,None,None, 0.8839590443686007, 0.7837837837837838
5,53.0,None,None, 0.8986254295532646, 0.8026315789473685
5,53.333333333333336,None,None, 0.8706293706293706, 0.7931034482758621
5,53.333333333333336,None,None, 0.8762711864406779, 0.7806451612903226
5,51.0,None,None, 0.8803986710963455, 0.7466666666666667
5,52.5,None,None, 0.8961937716262975, 0.7986577181208053
5,55.666666666666664,None,None, 0.8843537414965986, 0.8
5,53.166666666666664,None,None, 0.8877551020408163, 0.7931034482758621
5,55.5,None,None, 0.8902027027027027, 0.7515923566878981
5,51.833333333333336,None,None, 0.8692913385826772, 0.7215189873417721
5,53.666666666666664,None,None, 0.8760469011725294, 0.7857142857142857
5,51.333333333333336,None,None, 0.9001692047377327, 0.695364238410596
5,52.0,None,None, 0.900523560209424, 0.8076923076923077
5,56.333333333333336,None,None, 0.9079861111111112, 0.7448275862068966
5,54.666666666666664,None,None, 0.9147005444646098, 0.8188405797101449
5,50.0,None,None, 0.8957983193277311, 0.7410071942446043
5,54.833333333333336,None,None, 0.9172661870503597, 0.7972972972972973
5,52.0,None,None, 0.9033898305084745, 0.743421052631579
5,54.0,None,None, 0.9066666666666666, 0.6809815950920245
5,56.833333333333336,None,None, 0.8916518650088809, 0.8472222222222222
5,50.166666666666664,None,None, 0.8778877887788779, 0.7615894039735099
5,50.5,None,None, 0.8946459412780656, 0.7973856209150327
5,48.833333333333336,None,None, 0.8796747967479674, 0.6981132075471698
5,54.5,None,None, 0.9012345679012346, 0.7727272727272727
5,53.833333333333336,None,None, 0.886986301369863, 0.7876712328767124
5,51.833333333333336,None,None, 0.9008849557522124, 0.7753623188405797
5,55.166666666666664,None,None, 0.9137323943661971, 0.7832167832167832
5,53.833333333333336,None,None, 0.8993174061433447, 0.7761194029850746
5,50.166666666666664,None,None, 0.9011925042589438, 0.7463768115942029
5,57.166666666666664,None,None, 0.9024822695035462, 0.7785234899328859
5,51.5,None,None, 0.9051724137931034, 0.7622377622377622
5,56.666666666666664,None,None, 0.9061976549413735, 0.7124183006535948
6,56.166666666666664,None,None, 0.8896434634974533, 0.738562091503268
6,56.166666666666664,None,None, 0.9222614840989399, 0.7028985507246377
6,59.0,None,None, 0.8779661016949153, 0.8227848101265823
6,56.5,None,None, 0.8969594594594594, 0.7985611510791367
6,55.666666666666664,None,None, 0.8993174061433447, 0.7230769230769231
6,53.666666666666664,None,None, 0.9032258064516129, 0.7391304347826086
6,57.166666666666664,None,None, 0.9182608695652174, 0.722972972972973
6,55.5,None,None, 0.8947368421052632, 0.7828947368421053
6,58.0,None,None, 0.9117647058823529, 0.7676056338028169
6,56.0,None,None, 0.8956228956228957, 0.738255033557047
6,56.333333333333336,None,None, 0.8875432525951558, 0.8195488721804511
6,55.5,None,None, 0.8948275862068965, 0.7712418300653595
6,56.166666666666664,None,None, 0.9089285714285714, 0.8057553956834532
6,56.333333333333336,None,None, 0.882960413080895, 0.781021897810219
6,53.166666666666664,None,None, 0.9214285714285714, 0.7666666666666667
6,55.833333333333336,None,None, 0.9120287253141831, 0.7902097902097902
6,56.0,None,None, 0.9035532994923858, 0.7283950617283951
6,54.833333333333336,None,None, 0.8710743801652893, 0.7924528301886793
6,57.833333333333336,None,None, 0.9006968641114983, 0.7857142857142857
6,56.833333333333336,None,None, 0.9028960817717206, 0.7333333333333333
6,54.833333333333336,None,None, 0.8994708994708994, 0.7866666666666666
6,57.333333333333336,None,None, 0.9187725631768953, 0.7969924812030075
6,55.5,None,None, 0.9005145797598628, 0.7533333333333333
6,55.0,None,None, 0.92, 0.7573529411764706
6,57.833333333333336,None,None, 0.8981324278438031, 0.7671232876712328
6,59.166666666666664,None,None, 0.909710391822828, 0.6923076923076923
6,51.666666666666664,None,None, 0.8743801652892562, 0.7581699346405228
6,58.5,None,None, 0.9118705035971223, 0.8169934640522876
6,57.833333333333336,None,None, 0.9201451905626135, 0.7928571428571428
6,54.5,None,None, 0.8879598662207357, 0.7762237762237763
6,53.0,None,None, 0.8940170940170941, 0.7368421052631579
6,57.5,None,None, 0.9095744680851063, 0.7552447552447552
6,57.0,None,None, 0.9073426573426573, 0.8013698630136986
6,52.333333333333336,None,None, 0.9049295774647887, 0.7832167832167832
6,56.666666666666664,None,None, 0.9023972602739726, 0.7549668874172185
6,54.5,None,None, 0.8885017421602788, 0.8092105263157895
6,58.0,None,None, 0.8977853492333902, 0.7737226277372263
6,56.166666666666664,None,None, 0.8904109589041096, 0.8
6,59.833333333333336,None,None, 0.8870151770657673, 0.8027210884353742
6,54.833333333333336,None,None, 0.8846153846153846, 0.75
6,57.166666666666664,None,None, 0.885, 0.7530120481927711
6,56.0,None,None, 0.8964912280701754, 0.7986111111111112
6,57.5,None,None, 0.8883248730964467, 0.7266666666666667
6,54.0,None,None, 0.888135593220339, 0.7605633802816901
6,53.833333333333336,None,None, 0.8932676518883416, 0.6942675159235668
6,57.5,None,None, 0.8932874354561101, 0.7357142857142858
6,56.0,None,None, 0.8941176470588236, 0.7480314960629921
6,56.333333333333336,None,None, 0.8969072164948454, 0.76
6,55.666666666666664,None,None, 0.8866328257191202, 0.7210884353741497
6,56.5,None,None, 0.8956228956228957, 0.7756410256410257
6,56.0,None,None, 0.8991452991452992, 0.7532467532467533
6,57.5,None,None, 0.9019264448336253, 0.8321678321678322
6,57.833333333333336,None,None, 0.8977072310405644, 0.8157894736842105
6,56.5,None,None, 0.9020618556701031, 0.7784810126582279
6,52.833333333333336,None,None, 0.9129662522202486, 0.7808219178082192
6,55.666666666666664,None,None, 0.9145907473309609, 0.7608695652173914
6,53.5,None,None, 0.8939393939393939, 0.7763157894736842
6,55.833333333333336,None,None, 0.9103690685413005, 0.8125
6,60.0,None,None, 0.9242957746478874, 0.78
6,58.166666666666664,None,None, 0.8894830659536542, 0.8037974683544303
6,55.666666666666664,None,None, 0.9003496503496503, 0.7870967741935484
6,53.666666666666664,None,None, 0.8879598662207357, 0.7515527950310559
6,56.833333333333336,None,None, 0.9020618556701031, 0.7253521126760564
6,57.666666666666664,None,None, 0.8900523560209425, 0.7535211267605634
6,55.333333333333336,None,None, 0.8627450980392157, 0.7530864197530864
6,55.666666666666664,None,None, 0.8917975567190227, 0.7697368421052632
6,55.666666666666664,None,None, 0.8883161512027491, 0.851063829787234
6,55.166666666666664,None,None, 0.8860971524288107, 0.7412587412587412
6,54.333333333333336,None,None, 0.9015544041450777, 0.7197452229299363
6,56.5,None,None, 0.8856655290102389, 0.815068493150685
6,56.833333333333336,None,None, 0.889273356401384, 0.7898089171974523
6,57.666666666666664,None,None, 0.9076655052264808, 0.7677419354838709
6,55.833333333333336,None,None, 0.8989547038327527, 0.8041958041958042
6,59.666666666666664,None,None, 0.9187279151943463, 0.7792207792207793
6,54.5,None,None, 0.909556313993174, 0.7283950617283951
6,56.666666666666664,None,None, 0.8919382504288165, 0.8345323741007195
6,55.833333333333336,None,None, 0.888135593220339, 0.7228915662650602
6,56.0,None,None, 0.9136690647482014, 0.7548387096774194
6,57.166666666666664,None,None, 0.8961937716262975, 0.8079470198675497
6,58.166666666666664,None,None, 0.8688524590163934, 0.7914110429447853
6,57.166666666666664,None,None, 0.9086021505376344, 0.8175182481751825
6,56.166666666666664,None,None, 0.9045936395759717, 0.7916666666666666
6,55.333333333333336,None,None, 0.8981001727115717, 0.8068965517241379
6,56.166666666666664,None,None, 0.9063604240282686, 0.7876712328767124
6,53.0,None,None, 0.9094076655052264, 0.7310344827586207
6,55.333333333333336,None,None, 0.8990066225165563, 0.7266666666666667
6,58.666666666666664,None,None, 0.8942953020134228, 0.7697368421052632
6,57.833333333333336,None,None, 0.8966725043782837, 0.762589928057554
6,54.0,None,None, 0.8976510067114094, 0.7285714285714285
6,59.666666666666664,None,None, 0.9173989455184535, 0.8055555555555556
6,54.0,None,None, 0.9075043630017452, 0.7643312101910829
6,54.833333333333336,None,None, 0.8987783595113438, 0.8211920529801324
6,58.5,None,None, 0.9120287253141831, 0.8308823529411765
6,57.0,None,None, 0.8984238178633975, 0.7931034482758621
6,61.166666666666664,None,None, 0.860655737704918, 0.756578947368421
6,56.666666666666664,None,None, 0.9239130434782609, 0.7465753424657534
6,57.833333333333336,None,None, 0.9118165784832452, 0.7483870967741936
6,58.333333333333336,None,None, 0.9076376554174067, 0.7928571428571428
6,56.833333333333336,None,None, 0.9, 0.8287671232876712
6,58.666666666666664,None,None, 0.8879598662207357, 0.7662337662337663
7,56.833333333333336,None,None, 0.9, 0.7337662337662337
7,55.333333333333336,None,None, 0.9169611307420494, 0.775
7,58.0,None,None, 0.8890756302521008, 0.7358490566037735
7,54.833333333333336,None,None, 0.8913043478260869, 0.7735849056603774
7,59.166666666666664,None,None, 0.903448275862069, 0.8194444444444444
7,60.0,None,None, 0.9042735042735043, 0.7583892617449665
7,58.666666666666664,None,None, 0.9035532994923858, 0.75
7,57.333333333333336,None,None, 0.9060869565217391, 0.7862068965517242
7,57.0,None,None, 0.8894645941278065, 0.8208955223880597
7,56.5,None,None, 0.9154929577464789, 0.7536231884057971
7,57.166666666666664,None,None, 0.9081081081081082, 0.78
7,55.333333333333336,None,None, 0.8918918918918919, 0.7803030303030303
7,56.333333333333336,None,None, 0.9230769230769231, 0.8273381294964028
7,58.166666666666664,None,None, 0.8961474036850922, 0.7712418300653595
7,54.5,None,None, 0.8839137645107794, 0.7358490566037735
7,57.0,None,None, 0.8838383838383839, 0.7552447552447552
7,56.0,None,None, 0.9075342465753424, 0.78
7,57.666666666666664,None,None, 0.8994800693240901, 0.7655172413793103
7,58.666666666666664,None,None, 0.8991304347826087, 0.8037974683544303
7,52.0,None,None, 0.90625, 0.7449664429530202
7,58.666666666666664,None,None, 0.9030520646319569, 0.8115942028985508
7,54.0,None,None, 0.8850574712643678, 0.7569444444444444
7,57.5,None,None, 0.889267461669506, 0.777027027027027
7,56.0,None,None, 0.8964346349745331, 0.7638888888888888
7,60.5,None,None, 0.9018932874354562, 0.738255033557047
7,59.166666666666664,None,None, 0.9267857142857143, 0.7936507936507936
7,60.833333333333336,None,None, 0.9025641025641026, 0.8
7,55.0,None,None, 0.8984771573604061, 0.7364864864864865
7,56.0,None,None, 0.8797996661101837, 0.7605633802816901
7,59.0,None,None, 0.8984238178633975, 0.7862068965517242
7,57.833333333333336,None,None, 0.9032258064516129, 0.7861635220125787
7,56.833333333333336,None,None, 0.8885135135135135, 0.7466666666666667
7,54.166666666666664,None,None, 0.9083044982698962, 0.7397260273972602
7,56.666666666666664,None,None, 0.9078260869565218, 0.7676056338028169
7,59.833333333333336,None,None, 0.9095652173913044, 0.7727272727272727
7,54.5,None,None, 0.8856152512998267, 0.7876712328767124
7,57.666666666666664,None,None, 0.8963815789473685, 0.7465753424657534
7,58.0,None,None, 0.8907563025210085, 0.7419354838709677
7,60.666666666666664,None,None, 0.8845500848896435, 0.7870967741935484
7,58.833333333333336,None,None, 0.9068541300527241, 0.8102189781021898
7,57.0,None,None, 0.910394265232975, 0.7666666666666667
7,54.833333333333336,None,None, 0.8963210702341137, 0.7054794520547946
7,58.5,None,None, 0.8994974874371859, 0.7323943661971831
7,52.833333333333336,None,None, 0.9100346020761245, 0.7677419354838709
7,57.166666666666664,None,None, 0.906896551724138, 0.7910447761194029
7,55.5,None,None, 0.8952702702702703, 0.7302631578947368
7,59.0,None,None, 0.8961474036850922, 0.8129496402877698
7,53.666666666666664,None,None, 0.9041811846689896, 0.7222222222222222
7,55.333333333333336,None,None, 0.9020618556701031, 0.75
7,53.0,None,None, 0.9018612521150592, 0.7364341085271318
7,57.166666666666664,None,None, 0.9237588652482269, 0.8098591549295775
7,54.166666666666664,None,None, 0.9010416666666666, 0.8104575163398693
7,55.333333333333336,None,None, 0.9005328596802842, 0.8231292517006803
7,59.5,None,None, 0.9111498257839721, 0.7872340425531915
7,55.833333333333336,None,None, 0.9086294416243654, 0.7094594594594594
7,56.333333333333336,None,None, 0.9100346020761245, 0.7959183673469388
7,56.166666666666664,None,None, 0.89419795221843, 0.7905405405405406
7,58.0,None,None, 0.9098786828422877, 0.7777777777777778
7,56.0,None,None, 0.9265734265734266, 0.7357142857142858
7,57.666666666666664,None,None, 0.9058614564831261, 0.8308823529411765
7,56.5,None,None, 0.8818635607321131, 0.7947019867549668
7,59.5,None,None, 0.888135593220339, 0.8142857142857143
7,57.333333333333336,None,None, 0.8931034482758621, 0.7986577181208053
7,57.833333333333336,None,None, 0.9156414762741653, 0.7672955974842768
7,59.666666666666664,None,None, 0.8853288364249579, 0.8129496402877698
7,57.833333333333336,None,None, 0.9215686274509803, 0.7697841726618705
7,58.666666666666664,None,None, 0.9024390243902439, 0.785234899328859
7,57.0,None,None, 0.9008547008547009, 0.7972972972972973
7,58.333333333333336,None,None, 0.8932874354561101, 0.7633587786259542
7,57.0,None,None, 0.8955479452054794, 0.7628205128205128
7,53.833333333333336,None,None, 0.882943143812709, 0.7612903225806451
7,56.5,None,None, 0.9010416666666666, 0.8043478260869565
7,56.0,None,None, 0.9134948096885813, 0.7816901408450704
7,56.833333333333336,None,None, 0.9005059021922428, 0.7354838709677419
7,58.5,None,None, 0.8930390492359932, 0.7534246575342466
7,61.5,None,None, 0.8788368336025848, 0.7302631578947368
7,59.0,None,None, 0.9039145907473309, 0.7515923566878981
7,54.833333333333336,None,None, 0.9165154264972777, 0.8013698630136986
7,56.666666666666664,None,None, 0.8879456706281834, 0.7880794701986755
7,58.5,None,None, 0.893581081081081, 0.7588652482269503
7,56.166666666666664,None,None, 0.8819561551433389, 0.7483870967741936
7,57.166666666666664,None,None, 0.8898450946643718, 0.782312925170068
7,56.666666666666664,None,None, 0.907942238267148, 0.831081081081081
7,55.666666666666664,None,None, 0.8842281879194631, 0.7727272727272727
7,58.333333333333336,None,None, 0.9027303754266212, 0.7777777777777778
7,58.166666666666664,None,None, 0.9159212880143113, 0.762589928057554
7,57.5,None,None, 0.8904109589041096, 0.7894736842105263
7,56.833333333333336,None,None, 0.893581081081081, 0.7651006711409396
7,56.166666666666664,None,None, 0.8883161512027491, 0.8085106382978723
7,58.833333333333336,None,None, 0.8966101694915254, 0.7517241379310344
7,59.166666666666664,None,None, 0.89419795221843, 0.756578947368421
7,58.666666666666664,None,None, 0.8917525773195877, 0.8235294117647058
7,57.166666666666664,None,None, 0.9079861111111112, 0.7677419354838709
7,56.166666666666664,None,None, 0.8926746166950597, 0.7261904761904762
7,57.166666666666664,None,None, 0.9156414762741653, 0.7720588235294118
7,57.166666666666664,None,None, 0.8729096989966555, 0.7784810126582279
7,55.166666666666664,None,None, 0.9210053859964094, 0.7971014492753623
7,58.5,None,None, 0.8896321070234113, 0.7248322147651006
7,57.0,None,None, 0.8837606837606837, 0.8076923076923077
7,58.833333333333336,None,None, 0.9061433447098977, 0.740506329113924
8,58.166666666666664,None,None, 0.9040139616055847, 0.7466666666666667
8,55.166666666666664,None,None, 0.8927973199329984, 0.6709677419354839
8,58.0,None,None, 0.9192100538599641, 0.8148148148148148
8,55.5,None,None, 0.8974358974358975, 0.7658227848101266
8,56.0,None,None, 0.9045936395759717, 0.8169934640522876
8,60.166666666666664,None,None, 0.9025210084033614, 0.7916666666666666
8,54.666666666666664,None,None, 0.9148936170212766, 0.7718120805369127
8,56.666666666666664,None,None, 0.8772802653399668, 0.7241379310344828
8,59.666666666666664,None,None, 0.9296028880866426, 0.7755102040816326
8,56.166666666666664,None,None, 0.8904109589041096, 0.777027027027027
8,57.833333333333336,None,None, 0.9081632653061225, 0.7612903225806451
8,52.0,None,None, 0.8865131578947368, 0.7638888888888888
8,55.5,None,None, 0.9075342465753424, 0.7248322147651006
8,55.666666666666664,None,None, 0.912739965095986, 0.7132867132867133
8,56.166666666666664,None,None, 0.8872305140961857, 0.7267080745341615
8,55.333333333333336,None,None, 0.8760064412238325, 0.7468354430379747
8,56.833333333333336,None,None, 0.8974358974358975, 0.7564102564102564
8,61.0,None,None, 0.9073756432246999, 0.7583892617449665
8,56.0,None,None, 0.9047619047619048, 0.7465753424657534
8,60.0,None,None, 0.8998178506375227, 0.8055555555555556
8,56.166666666666664,None,None, 0.9084507042253521, 0.785234899328859
8,60.166666666666664,None,None, 0.9111498257839721, 0.782608695652174
8,60.333333333333336,None,None, 0.901213171577123, 0.7880794701986755
8,56.5,None,None, 0.893687707641196, 0.7412587412587412
8,56.833333333333336,None,None, 0.8964346349745331, 0.7564102564102564
8,56.166666666666664,None,None, 0.8947368421052632, 0.7
8,59.166666666666664,None,None, 0.9122203098106713, 0.738255033557047
8,55.5,None,None, 0.9064124783362218, 0.7671232876712328
8,57.333333333333336,None,None, 0.9141856392294221, 0.7466666666666667
8,56.333333333333336,None,None, 0.9065255731922398, 0.8120300751879699
8,60.5,None,None, 0.8987993138936535, 0.7928571428571428
8,57.5,None,None, 0.9086206896551724, 0.7483870967741936
8,58.5,None,None, 0.8907849829351536, 0.7716049382716049
8,58.666666666666664,None,None, 0.8852739726027398, 0.7898089171974523
8,57.0,None,None, 0.881578947368421, 0.73125
8,56.5,None,None, 0.9030612244897959, 0.7676056338028169
8,58.0,None,None, 0.902229845626072, 0.8
8,55.0,None,None, 0.9191564147627417, 0.7642857142857142
8,53.833333333333336,None,None, 0.9150090415913201, 0.7985074626865671
8,58.833333333333336,None,None, 0.9206349206349206, 0.7364864864864865
8,59.666666666666664,None,None, 0.9032815198618307, 0.7651006711409396
8,58.833333333333336,None,None, 0.9048442906574394, 0.7402597402597403
8,58.833333333333336,None,None, 0.903448275862069, 0.7535211267605634
8,54.166666666666664,None,None, 0.8922056384742952, 0.7619047619047619
8,54.5,None,None, 0.8990066225165563, 0.726027397260274
8,58.5,None,None, 0.8881118881118881, 0.7911392405063291
8,55.833333333333336,None,None, 0.903448275862069, 0.7841726618705036
8,59.333333333333336,None,None, 0.9053356282271945, 0.7819548872180451
8,54.833333333333336,None,None, 0.9025210084033614, 0.7375
8,57.166666666666664,None,None, 0.9039451114922813, 0.7814569536423841
8,53.666666666666664,None,None, 0.9134275618374559, 0.777027027027027
8,55.166666666666664,None,None, 0.9023090586145648, 0.7727272727272727
8,57.5,None,None, 0.8815566835871405, 0.7756410256410257
8,58.833333333333336,None,None, 0.9078014184397163, 0.7911392405063291
8,51.5,None,None, 0.9098939929328622, 0.7517241379310344
8,53.5,None,None, 0.9075043630017452, 0.7608695652173914
8,54.666666666666664,None,None, 0.9025641025641026, 0.7762237762237763
8,53.666666666666664,None,None, 0.8853820598006644, 0.7272727272727273
8,56.833333333333336,None,None, 0.9031719532554258, 0.68125
8,56.333333333333336,None,None, 0.9013377926421404, 0.7225806451612903
8,57.5,None,None, 0.8996539792387543, 0.7793103448275862
8,55.666666666666664,None,None, 0.9076376554174067, 0.7746478873239436
8,59.0,None,None, 0.9063063063063063, 0.8208955223880597
8,55.833333333333336,None,None, 0.9125874125874126, 0.7573529411764706
8,57.5,None,None, 0.9037162162162162, 0.7341772151898734
8,56.5,None,None, 0.8914858096828047, 0.7254901960784313
8,55.666666666666664,None,None, 0.9039145907473309, 0.7777777777777778
8,57.833333333333336,None,None, 0.9003436426116839, 0.7388535031847133
8,57.333333333333336,None,None, 0.9046793760831889, 0.7310344827586207
8,56.333333333333336,None,None, 0.8983050847457628, 0.7662337662337663
8,55.833333333333336,None,None, 0.9080068143100511, 0.7605633802816901
8,55.833333333333336,None,None, 0.9035087719298246, 0.8014705882352942
8,59.5,None,None, 0.9042735042735043, 0.7449664429530202
8,57.5,None,None, 0.9029982363315696, 0.8028169014084507
8,55.5,None,None, 0.8883248730964467, 0.7421383647798742
8,55.333333333333336,None,None, 0.9031719532554258, 0.7189542483660131
8,56.666666666666664,None,None, 0.8930390492359932, 0.7862068965517242
8,59.333333333333336,None,None, 0.9185059422750425, 0.7777777777777778
8,57.333333333333336,None,None, 0.9181184668989547, 0.7841726618705036
8,58.333333333333336,None,None, 0.9049235993208828, 0.7857142857142857
8,55.833333333333336,None,None, 0.8986254295532646, 0.7908496732026143
8,58.166666666666664,None,None, 0.8780889621087314, 0.7421383647798742
8,56.0,None,None, 0.8954468802698144, 0.7615894039735099
8,58.333333333333336,None,None, 0.8952702702702703, 0.7837837837837838
8,54.333333333333336,None,None, 0.9017241379310345, 0.8104575163398693
8,58.166666666666664,None,None, 0.8814691151919867, 0.7905405405405406
8,56.333333333333336,None,None, 0.8979591836734694, 0.7364864864864865
8,56.333333333333336,None,None, 0.8932203389830509, 0.75625
8,55.0,None,None, 0.9240506329113924, 0.7857142857142857
8,57.0,None,None, 0.8958333333333334, 0.7866666666666666
8,56.166666666666664,None,None, 0.8902229845626072, 0.8243243243243243
8,55.166666666666664,None,None, 0.9080068143100511, 0.7083333333333334
8,52.666666666666664,None,None, 0.9073426573426573, 0.7293233082706767
8,56.833333333333336,None,None, 0.8946459412780656, 0.7571428571428571
8,56.833333333333336,None,None, 0.9025641025641026, 0.7777777777777778
8,54.0,None,None, 0.9109090909090909, 0.7986111111111112
8,54.666666666666664,None,None, 0.9192439862542955, 0.7714285714285715
8,55.333333333333336,None,None, 0.9054290718038529, 0.7279411764705882
8,58.666666666666664,None,None, 0.8989547038327527, 0.803921568627451
8,56.666666666666664,None,None, 0.9134275618374559, 0.803030303030303
9,53.0,None,None, 0.8996655518394648, 0.7465753424657534
9,57.0,None,None, 0.8871527777777778, 0.8181818181818182
9,58.0,None,None, 0.8910369068541301, 0.8551724137931035
9,58.166666666666664,None,None, 0.9061433447098977, 0.7905405405405406
9,54.5,None,None, 0.8867595818815331, 0.7843137254901961
9,59.5,None,None, 0.9106830122591943, 0.7299270072992701
9,59.833333333333336,None,None, 0.8835616438356164, 0.8141025641025641
9,55.0,None,None, 0.9194395796847635, 0.7591240875912408
9,57.333333333333336,None,None, 0.9067357512953368, 0.7867647058823529
9,57.666666666666664,None,None, 0.9081455805892548, 0.7828947368421053
9,58.5,None,None, 0.8907563025210085, 0.8235294117647058
9,56.166666666666664,None,None, 0.9107468123861566, 0.8201438848920863
9,56.0,None,None, 0.8977853492333902, 0.7586206896551724
9,54.166666666666664,None,None, 0.8887070376432079, 0.7058823529411765
9,56.166666666666664,None,None, 0.8885191347753744, 0.7564102564102564
9,55.166666666666664,None,None, 0.9094076655052264, 0.7346938775510204
9,62.0,None,None, 0.8879598662207357, 0.7636363636363637
9,56.333333333333336,None,None, 0.9090909090909091, 0.7516339869281046
9,56.666666666666664,None,None, 0.9058219178082192, 0.7464788732394366
9,59.0,None,None, 0.8930921052631579, 0.7924528301886793
9,57.666666666666664,None,None, 0.905982905982906, 0.7482517482517482
9,57.333333333333336,None,None, 0.899488926746167, 0.7911392405063291
9,55.5,None,None, 0.909556313993174, 0.7448275862068966
9,54.166666666666664,None,None, 0.9032815198618307, 0.8
9,57.166666666666664,None,None, 0.8894557823129252, 0.7402597402597403
9,54.0,None,None, 0.8881469115191987, 0.7483870967741936
9,58.5,None,None, 0.8841761827079935, 0.7452229299363057
9,57.333333333333336,None,None, 0.9054982817869416, 0.7662337662337663
9,53.166666666666664,None,None, 0.8855721393034826, 0.7697368421052632
9,54.666666666666664,None,None, 0.8870151770657673, 0.7777777777777778
9,58.0,None,None, 0.8985024958402662, 0.7142857142857143
9,56.333333333333336,None,None, 0.897887323943662, 0.8413793103448276
9,55.833333333333336,None,None, 0.9078260869565218, 0.7266666666666667
9,52.833333333333336,None,None, 0.8905472636815921, 0.7567567567567568
9,57.166666666666664,None,None, 0.8825448613376835, 0.7236842105263158
9,57.333333333333336,None,None, 0.90625, 0.7735849056603774
9,57.666666666666664,None,None, 0.8996598639455783, 0.7364864864864865
9,54.5,None,None, 0.9016666666666666, 0.7414965986394558
9,56.5,None,None, 0.8854166666666666, 0.8493150684931506
9,57.5,None,None, 0.8998272884283247, 0.7552447552447552
9,57.166666666666664,None,None, 0.888507718696398, 0.8095238095238095
9,59.333333333333336,None,None, 0.8991452991452992, 0.7189542483660131
9,57.666666666666664,None,None, 0.8922558922558923, 0.7777777777777778
9,61.0,None,None, 0.8890784982935154, 0.7792207792207793
9,54.666666666666664,None,None, 0.9037800687285223, 0.7266666666666667
9,54.0,None,None, 0.9107142857142857, 0.7972027972027972
9,54.5,None,None, 0.8949152542372881, 0.7412587412587412
9,54.5,None,None, 0.883248730964467, 0.7762237762237763
9,58.0,None,None, 0.9195804195804196, 0.7346938775510204
9,54.833333333333336,None,None, 0.9049235993208828, 0.74
9,55.0,None,None, 0.9087719298245615, 0.8057553956834532
9,55.833333333333336,None,None, 0.9032815198618307, 0.7397260273972602
9,61.166666666666664,None,None, 0.9075043630017452, 0.8059701492537313
9,56.0,None,None, 0.8967851099830795, 0.7573529411764706
9,53.0,None,None, 0.9210526315789473, 0.7412587412587412
9,59.5,None,None, 0.9070567986230637, 0.8208955223880597
9,57.5,None,None, 0.8956228956228957, 0.7619047619047619
9,57.833333333333336,None,None, 0.9035532994923858, 0.7841726618705036
9,53.833333333333336,None,None, 0.8923076923076924, 0.7430555555555556
9,54.333333333333336,None,None, 0.9006849315068494, 0.7635135135135135
9,56.833333333333336,None,None, 0.8955479452054794, 0.7364864864864865
9,56.5,None,None, 0.9189655172413793, 0.7112676056338029
9,59.333333333333336,None,None, 0.8909710391822828, 0.7973856209150327
9,55.666666666666664,None,None, 0.9008547008547009, 0.7631578947368421
9,57.333333333333336,None,None, 0.9038461538461539, 0.78
9,55.666666666666664,None,None, 0.9019264448336253, 0.7536231884057971
9,57.666666666666664,None,None, 0.8959044368600683, 0.7852760736196319
9,57.666666666666664,None,None, 0.9055944055944056, 0.7465753424657534
9,57.666666666666664,None,None, 0.8847457627118644, 0.7972972972972973
9,57.0,None,None, 0.9001721170395869, 0.782608695652174
9,60.166666666666664,None,None, 0.9045936395759717, 0.7971014492753623
9,59.666666666666664,None,None, 0.8951890034364262, 0.7651006711409396
9,59.666666666666664,None,None, 0.903448275862069, 0.7212121212121212
9,56.166666666666664,None,None, 0.8964346349745331, 0.785234899328859
9,56.833333333333336,None,None, 0.8839590443686007, 0.8089171974522293
9,57.5,None,None, 0.9023090586145648, 0.8376623376623377
9,60.666666666666664,None,None, 0.9125, 0.7730496453900709
9,55.333333333333336,None,None, 0.9051724137931034, 0.7687074829931972
9,55.833333333333336,None,None, 0.8975265017667845, 0.8194444444444444
9,55.833333333333336,None,None, 0.8839590443686007, 0.7837837837837838
9,55.5,None,None, 0.9100169779286927, 0.6866666666666666
9,57.5,None,None, 0.8754152823920266, 0.8076923076923077
9,56.5,None,None, 0.9045138888888888, 0.7737226277372263
9,53.5,None,None, 0.889267461669506, 0.7832167832167832
9,57.0,None,None, 0.8959435626102292, 0.7987012987012987
9,55.5,None,None, 0.891846921797005, 0.7631578947368421
9,55.833333333333336,None,None, 0.9119170984455959, 0.7278911564625851
9,54.166666666666664,None,None, 0.9169491525423729, 0.689873417721519
9,59.666666666666664,None,None, 0.9060869565217391, 0.7364864864864865
9,54.0,None,None, 0.8948275862068965, 0.8248175182481752
9,58.333333333333336,None,None, 0.8888888888888888, 0.7354838709677419
9,56.666666666666664,None,None, 0.9100917431192661, 0.8686131386861314
9,58.666666666666664,None,None, 0.9071803852889667, 0.8145695364238411
9,57.833333333333336,None,None, 0.8879598662207357, 0.7651006711409396
9,56.666666666666664,None,None, 0.8954703832752613, 0.7611940298507462
9,57.0,None,None, 0.9226713532513181, 0.7785714285714286
9,59.666666666666664,None,None, 0.8754266211604096, 0.8137931034482758
9,55.333333333333336,None,None, 0.889261744966443, 0.7727272727272727
9,52.5,None,None, 0.8871527777777778, 0.8071428571428572
9,56.666666666666664,None,None, 0.9097345132743363, 0.7866666666666666
10,61.166666666666664,None,None, 0.8973063973063973, 0.7337662337662337
10,57.833333333333336,None,None, 0.897133220910624, 0.7707006369426752
10,59.333333333333336,None,None, 0.9113712374581939, 0.7310344827586207
10,57.333333333333336,None,None, 0.9151624548736462, 0.8175675675675675
10,55.166666666666664,None,None, 0.9074733096085409, 0.8040540540540541
10,55.333333333333336,None,None, 0.8774834437086093, 0.7987012987012987
10,57.666666666666664,None,None, 0.9033898305084745, 0.7516339869281046
10,57.166666666666664,None,None, 0.8848797250859106, 0.782608695652174
10,56.333333333333336,None,None, 0.8947368421052632, 0.7708333333333334
10,57.833333333333336,None,None, 0.9250457038391224, 0.8076923076923077
10,58.666666666666664,None,None, 0.9139194139194139, 0.849624060150376
10,60.166666666666664,None,None, 0.8727272727272727, 0.7452229299363057
10,56.0,None,None, 0.8890756302521008, 0.7702702702702703
10,56.166666666666664,None,None, 0.9072164948453608, 0.7666666666666667
10,60.0,None,None, 0.9168110918544194, 0.7801418439716312
10,56.0,None,None, 0.8955752212389381, 0.8231292517006803
10,56.5,None,None, 0.9042735042735043, 0.7635135135135135
10,55.833333333333336,None,None, 0.8756302521008403, 0.7535211267605634
10,57.666666666666664,None,None, 0.8977853492333902, 0.7560975609756098
10,51.5,None,None, 0.8925476603119584, 0.7755102040816326
10,54.333333333333336,None,None, 0.8826446280991735, 0.738255033557047
10,55.833333333333336,None,None, 0.9052631578947369, 0.7933333333333333
10,55.0,None,None, 0.8697829716193656, 0.7911392405063291
10,57.333333333333336,None,None, 0.903448275862069, 0.7342657342657343
10,59.5,None,None, 0.902946273830156, 0.7777777777777778
10,58.0,None,None, 0.8768971332209107, 0.7933333333333333
10,52.5,None,None, 0.891156462585034, 0.740506329113924
10,55.0,None,None, 0.8747940691927513, 0.738255033557047
10,57.833333333333336,None,None, 0.8924914675767918, 0.7876712328767124
10,57.0,None,None, 0.9045936395759717, 0.8169014084507042
10,58.666666666666664,None,None, 0.9046793760831889, 0.7777777777777778
10,53.5,None,None, 0.8840336134453781, 0.7666666666666667
10,57.5,None,None, 0.8982758620689655, 0.7972972972972973
10,55.333333333333336,None,None, 0.8996478873239436, 0.7986577181208053
10,57.833333333333336,None,None, 0.8909395973154363, 0.7564102564102564
10,60.5,None,None, 0.8807495741056218, 0.8064516129032258
10,55.0,None,None, 0.8881469115191987, 0.7446808510638298
10,54.166666666666664,None,None, 0.9070567986230637, 0.7622377622377622
10,60.5,None,None, 0.8942807625649913, 0.7943262411347518
10,58.833333333333336,None,None, 0.8842281879194631, 0.7948717948717948
10,55.5,None,None, 0.8933333333333333, 0.7295597484276729
10,59.833333333333336,None,None, 0.8833619210977701, 0.8120805369127517
10,56.833333333333336,None,None, 0.9084507042253521, 0.785234899328859
10,54.5,None,None, 0.8854700854700854, 0.7721518987341772
10,60.833333333333336,None,None, 0.892226148409894, 0.7730496453900709
10,58.5,None,None, 0.8894645941278065, 0.8275862068965517
10,56.666666666666664,None,None, 0.9059233449477352, 0.7862068965517242
10,57.0,None,None, 0.8964346349745331, 0.7671232876712328
10,59.5,None,None, 0.8987993138936535, 0.7801418439716312
10,56.333333333333336,None,None, 0.9116117850953206, 0.75
10,52.333333333333336,None,None, 0.9072512647554806, 0.6853146853146853
10,54.666666666666664,None,None, 0.9005145797598628, 0.7517241379310344
10,58.166666666666664,None,None, 0.8907849829351536, 0.7960526315789473
10,57.833333333333336,None,None, 0.888507718696398, 0.8285714285714286
10,55.5,None,None, 0.9006734006734006, 0.7549668874172185
10,54.833333333333336,None,None, 0.8795379537953796, 0.7841726618705036
10,54.0,None,None, 0.903448275862069, 0.777027027027027
10,56.0,None,None, 0.8842975206611571, 0.7857142857142857
10,58.5,None,None, 0.9019607843137255, 0.8156028368794326
10,56.166666666666664,None,None, 0.9067357512953368, 0.7666666666666667
10,55.5,None,None, 0.8834154351395731, 0.7039473684210527
10,55.666666666666664,None,None, 0.8938356164383562, 0.7791411042944786
10,54.166666666666664,None,None, 0.8902229845626072, 0.7880794701986755
10,56.166666666666664,None,None, 0.9096989966555183, 0.7025316455696202
10,59.0,None,None, 0.9106830122591943, 0.7872340425531915
10,58.166666666666664,None,None, 0.9103690685413005, 0.7181208053691275
10,60.166666666666664,None,None, 0.8930390492359932, 0.8175675675675675
10,57.5,None,None, 0.8917089678510999, 0.7876712328767124
10,56.666666666666664,None,None, 0.8951747088186356, 0.7986577181208053
10,54.0,None,None, 0.8874172185430463, 0.7567567567567568
10,57.0,None,None, 0.9041811846689896, 0.7902097902097902
10,51.833333333333336,None,None, 0.9151103565365025, 0.7094594594594594
10,60.666666666666664,None,None, 0.9039855072463768, 0.835820895522388
10,60.166666666666664,None,None, 0.9123711340206185, 0.7832167832167832
10,55.166666666666664,None,None, 0.9137323943661971, 0.7697368421052632
10,58.833333333333336,None,None, 0.9124579124579124, 0.7142857142857143
10,56.666666666666664,None,None, 0.902027027027027, 0.7777777777777778
10,56.0,None,None, 0.8940397350993378, 0.7534246575342466
10,54.666666666666664,None,None, 0.8946459412780656, 0.7724137931034483
10,58.833333333333336,None,None, 0.9041811846689896, 0.7748344370860927
10,61.333333333333336,None,None, 0.9033391915641477, 0.7972972972972973
10,55.666666666666664,None,None, 0.9140767824497258, 0.8297872340425532
10,60.5,None,None, 0.8947368421052632, 0.7171052631578947
10,58.5,None,None, 0.9233449477351916, 0.7291666666666666
10,58.833333333333336,None,None, 0.9218472468916519, 0.7708333333333334
10,56.833333333333336,None,None, 0.9185840707964602, 0.8287671232876712
10,60.5,None,None, 0.891846921797005, 0.8085106382978723
10,59.5,None,None, 0.9122486288848263, 0.78
10,58.666666666666664,None,None, 0.8921232876712328, 0.795774647887324
10,58.166666666666664,None,None, 0.8924914675767918, 0.7748344370860927
10,53.333333333333336,None,None, 0.905982905982906, 0.8
10,57.833333333333336,None,None, 0.9078260869565218, 0.7746478873239436
10,58.0,None,None, 0.8955479452054794, 0.7870967741935484
10,59.666666666666664,None,None, 0.9074733096085409, 0.7986111111111112
10,55.333333333333336,None,None, 0.9131205673758865, 0.7770700636942676
10,55.666666666666664,None,None, 0.891156462585034, 0.7718120805369127
10,59.833333333333336,None,None, 0.8963093145869947, 0.8297872340425532
10,55.166666666666664,None,None, 0.8879598662207357, 0.76
10,56.166666666666664,None,None, 0.886326194398682, 0.7435897435897436
10,57.666666666666664,None,None, 0.8934707903780069, 0.7655172413793103
11,54.166666666666664,None,None, 0.9188712522045855, 0.7172413793103448
11,55.5,None,None, 0.9130434782608695, 0.75
11,58.833333333333336,None,None, 0.8972125435540069, 0.8163265306122449
11,58.333333333333336,None,None, 0.8811544991511036, 0.8085106382978723
11,53.5,None,None, 0.8915254237288136, 0.7737226277372263
11,57.833333333333336,None,None, 0.9037162162162162, 0.7254901960784313
11,55.833333333333336,None,None, 0.9169675090252708, 0.8322147651006712
11,55.5,None,None, 0.90625, 0.7677419354838709
11,56.833333333333336,None,None, 0.8955479452054794, 0.73125
11,57.833333333333336,None,None, 0.8986254295532646, 0.8211920529801324
11,59.5,None,None, 0.9020979020979021, 0.7612903225806451
11,59.833333333333336,None,None, 0.9063604240282686, 0.7516339869281046
11,57.5,None,None, 0.8970331588132635, 0.8013698630136986
11,57.0,None,None, 0.9075043630017452, 0.7622377622377622
11,59.666666666666664,None,None, 0.8812709030100334, 0.782051282051282
11,57.166666666666664,None,None, 0.9201388888888888, 0.74
11,57.166666666666664,None,None, 0.8816855753646677, 0.7197452229299363
11,57.833333333333336,None,None, 0.9180887372013652, 0.765625
11,56.166666666666664,None,None, 0.9086021505376344, 0.8157894736842105
11,55.166666666666664,None,None, 0.9230769230769231, 0.7986111111111112
11,60.833333333333336,None,None, 0.9135135135135135, 0.8066666666666666
11,56.666666666666664,None,None, 0.8976109215017065, 0.7943262411347518
11,54.833333333333336,None,None, 0.9140350877192982, 0.7397260273972602
11,62.333333333333336,None,None, 0.9052631578947369, 0.7905405405405406
11,56.0,None,None, 0.8967297762478486, 0.7581699346405228
11,55.666666666666664,None,None, 0.9001692047377327, 0.7397260273972602
11,60.333333333333336,None,None, 0.9076923076923077, 0.7299270072992701
11,56.833333333333336,None,None, 0.9113475177304965, 0.7741935483870968
11,59.333333333333336,None,None, 0.9171171171171171, 0.7703703703703704
11,59.666666666666664,None,None, 0.8870431893687708, 0.7467532467532467
11,56.0,None,None, 0.8956521739130435, 0.7769784172661871
11,56.833333333333336,None,None, 0.9083191850594228, 0.7655172413793103
11,55.166666666666664,None,None, 0.8825503355704698, 0.7647058823529411
11,59.833333333333336,None,None, 0.9079861111111112, 0.7857142857142857
11,58.166666666666664,None,None, 0.8832236842105263, 0.7391304347826086
11,61.0,None,None, 0.8831385642737897, 0.7579617834394905
11,59.666666666666664,None,None, 0.8913043478260869, 0.743421052631579
11,57.833333333333336,None,None, 0.895330112721417, 0.6805555555555556
11,58.833333333333336,None,None, 0.89568345323741, 0.8551724137931035
11,59.833333333333336,None,None, 0.9094076655052264, 0.7814569536423841
11,55.833333333333336,None,None, 0.9021558872305141, 0.7019867549668874
11,60.166666666666664,None,None, 0.8867595818815331, 0.825503355704698
11,56.0,None,None, 0.8848080133555927, 0.777027027027027
11,58.166666666666664,None,None, 0.9150779896013865, 0.75
11,55.833333333333336,None,None, 0.8994800693240901, 0.7857142857142857
11,56.666666666666664,None,None, 0.9055649241146712, 0.7414965986394558
11,56.333333333333336,None,None, 0.9113712374581939, 0.7379310344827587
11,58.666666666666664,None,None, 0.9, 0.7549668874172185
11,60.0,None,None, 0.9055258467023173, 0.7414965986394558
11,58.5,None,None, 0.9133448873483535, 0.7857142857142857
11,55.333333333333336,None,None, 0.8989547038327527, 0.7848101265822784
11,56.166666666666664,None,None, 0.8983050847457628, 0.7718120805369127
11,56.0,None,None, 0.9142367066895368, 0.7718120805369127
11,60.0,None,None, 0.9080267558528428, 0.6870748299319728
11,53.666666666666664,None,None, 0.903169014084507, 0.7328767123287672
11,53.333333333333336,None,None, 0.8894645941278065, 0.7727272727272727
11,60.5,None,None, 0.9013840830449827, 0.7862068965517242
11,58.333333333333336,None,None, 0.8984238178633975, 0.8223684210526315
11,54.833333333333336,None,None, 0.8969072164948454, 0.7628205128205128
11,55.0,None,None, 0.9037800687285223, 0.7751937984496124
11,59.0,None,None, 0.8877551020408163, 0.7756410256410257
11,54.0,None,None, 0.91651865008881, 0.7727272727272727
11,56.333333333333336,None,None, 0.9106529209621993, 0.7746478873239436
11,56.333333333333336,None,None, 0.9003496503496503, 0.7972027972027972
11,56.666666666666664,None,None, 0.9010416666666666, 0.7898089171974523
11,55.666666666666664,None,None, 0.8988195615514334, 0.7602739726027398
11,60.0,None,None, 0.9196428571428571, 0.8188405797101449
11,56.666666666666664,None,None, 0.9, 0.8137931034482758
11,58.0,None,None, 0.8996539792387543, 0.8125
11,54.666666666666664,None,None, 0.8922829581993569, 0.7077922077922078
11,56.5,None,None, 0.9213286713286714, 0.7682119205298014
11,56.666666666666664,None,None, 0.8998242530755711, 0.777027027027027
11,58.5,None,None, 0.910873440285205, 0.8012422360248447
11,55.833333333333336,None,None, 0.8970331588132635, 0.7222222222222222
11,59.166666666666664,None,None, 0.8964346349745331, 0.8045112781954887
11,56.5,None,None, 0.9184397163120568, 0.7792207792207793
11,56.0,None,None, 0.9060283687943262, 0.7945205479452054
11,56.5,None,None, 0.8984771573604061, 0.7755102040816326
11,57.166666666666664,None,None, 0.9046793760831889, 0.7664233576642335
11,57.0,None,None, 0.8844884488448845, 0.7639751552795031
11,59.166666666666664,None,None, 0.9122807017543859, 0.7777777777777778
11,58.166666666666664,None,None, 0.911190053285968, 0.7857142857142857
11,57.0,None,None, 0.9076376554174067, 0.795774647887324
11,57.5,None,None, 0.8958333333333334, 0.7232704402515723
11,60.0,None,None, 0.8964346349745331, 0.8307692307692308
11,54.5,None,None, 0.9090909090909091, 0.7272727272727273
11,58.666666666666664,None,None, 0.9064625850340136, 0.7468354430379747
11,55.666666666666664,None,None, 0.889267461669506, 0.75
11,55.0,None,None, 0.9215686274509803, 0.7794117647058824
11,56.0,None,None, 0.9166666666666666, 0.7671232876712328
11,57.0,None,None, 0.9005145797598628, 0.7571428571428571
11,55.166666666666664,None,None, 0.9006849315068494, 0.7361111111111112
11,60.5,None,None, 0.9151624548736462, 0.8707482993197279
11,59.666666666666664,None,None, 0.8922558922558923, 0.7515527950310559
11,53.0,None,None, 0.9070175438596492, 0.7791411042944786
11,58.0,None,None, 0.9173838209982789, 0.72
11,54.166666666666664,None,None, 0.90625, 0.7328767123287672
11,58.333333333333336,None,None, 0.8991452991452992, 0.7664233576642335
11,56.666666666666664,None,None, 0.8898163606010017, 0.7591240875912408
11,55.5,None,None, 0.8929188255613126, 0.78
12,58.166666666666664,None,None, 0.8966725043782837, 0.8231292517006803
12,56.5,None,None, 0.9005059021922428, 0.6985294117647058
12,56.0,None,None, 0.8998272884283247, 0.7364864864864865
12,58.166666666666664,None,None, 0.9071803852889667, 0.7702702702702703
12,54.666666666666664,None,None, 0.8851913477537438, 0.7727272727272727
12,59.666666666666664,None,None, 0.8917089678510999, 0.7733333333333333
12,56.166666666666664,None,None, 0.890625, 0.7972027972027972
12,56.333333333333336,None,None, 0.9116117850953206, 0.7784810126582279
12,56.166666666666664,None,None, 0.8977072310405644, 0.785234899328859
12,57.833333333333336,None,None, 0.8850574712643678, 0.7655172413793103
12,57.833333333333336,None,None, 0.889273356401384, 0.8057553956834532
12,56.833333333333336,None,None, 0.8729641693811075, 0.7239263803680982
12,58.166666666666664,None,None, 0.8911917098445595, 0.782051282051282
12,57.833333333333336,None,None, 0.8873720136518771, 0.7397260273972602
12,55.0,None,None, 0.9046793760831889, 0.7439024390243902
12,54.5,None,None, 0.9, 0.8260869565217391
12,56.0,None,None, 0.8938356164383562, 0.7297297297297297
12,57.166666666666664,None,None, 0.9156414762741653, 0.7333333333333333
12,56.333333333333336,None,None, 0.9005145797598628, 0.7302631578947368
12,58.0,None,None, 0.8865131578947368, 0.7285714285714285
12,58.166666666666664,None,None, 0.9148936170212766, 0.7755102040816326
12,59.166666666666664,None,None, 0.9097222222222222, 0.7635135135135135
12,58.666666666666664,None,None, 0.9098786828422877, 0.74
12,57.0,None,None, 0.8998302207130731, 0.7464788732394366
12,60.666666666666664,None,None, 0.9119170984455959, 0.7712418300653595
12,55.0,None,None, 0.8791946308724832, 0.8125
12,56.833333333333336,None,None, 0.8828382838283828, 0.7394366197183099
12,56.666666666666664,None,None, 0.9182608695652174, 0.7290322580645161
12,57.0,None,None, 0.9256637168141593, 0.732824427480916
12,55.5,None,None, 0.9055649241146712, 0.6644736842105263
12,57.833333333333336,None,None, 0.8846153846153846, 0.7941176470588235
12,56.5,None,None, 0.9053356282271945, 0.7647058823529411
12,59.0,None,None, 0.8993288590604027, 0.7320261437908496
12,57.333333333333336,None,None, 0.9148550724637681, 0.8311688311688312
12,58.0,None,None, 0.8885191347753744, 0.7152317880794702
12,55.333333333333336,None,None, 0.8982758620689655, 0.7295597484276729
12,52.833333333333336,None,None, 0.8955479452054794, 0.7659574468085106
12,58.166666666666664,None,None, 0.9197080291970803, 0.8129496402877698
12,55.0,None,None, 0.889273356401384, 0.7267080745341615
12,56.166666666666664,None,None, 0.9005145797598628, 0.8068965517241379
12,55.833333333333336,None,None, 0.8870431893687708, 0.740506329113924
12,56.666666666666664,None,None, 0.9121265377855887, 0.8145695364238411
12,56.333333333333336,None,None, 0.8985765124555161, 0.875
12,60.833333333333336,None,None, 0.8852739726027398, 0.8364779874213837
12,56.833333333333336,None,None, 0.9072847682119205, 0.7086092715231788
12,56.833333333333336,None,None, 0.8929159802306426, 0.7426470588235294
12,51.5,None,None, 0.9086378737541528, 0.6862745098039216
12,55.833333333333336,None,None, 0.882943143812709, 0.7682119205298014
12,59.0,None,None, 0.91005291005291, 0.7945205479452054
12,54.5,None,None, 0.9097222222222222, 0.7872340425531915
12,53.666666666666664,None,None, 0.8811881188118812, 0.6878980891719745
12,54.0,None,None, 0.8956228956228957, 0.759493670886076
12,54.333333333333336,None,None, 0.891846921797005, 0.7482993197278912
12,56.0,None,None, 0.8888888888888888, 0.7755102040816326
12,58.5,None,None, 0.8951747088186356, 0.7482993197278912
12,57.666666666666664,None,None, 0.9113924050632911, 0.7941176470588235
12,54.166666666666664,None,None, 0.8946459412780656, 0.777027027027027
12,57.0,None,None, 0.9018612521150592, 0.7378048780487805
12,60.333333333333336,None,None, 0.9073083778966132, 0.855072463768116
12,56.5,None,None, 0.9105545617173524, 0.7744360902255639
12,59.666666666666664,None,None, 0.9138840070298769, 0.7793103448275862
12,57.5,None,None, 0.9076376554174067, 0.7905405405405406
12,57.166666666666664,None,None, 0.8758169934640523, 0.7448275862068966
12,56.0,None,None, 0.9018932874354562, 0.7697841726618705
12,56.833333333333336,None,None, 0.8881239242685026, 0.7911392405063291
12,56.166666666666664,None,None, 0.8909090909090909, 0.6903225806451613
12,57.833333333333336,None,None, 0.9180035650623886, 0.7622377622377622
12,57.666666666666664,None,None, 0.8911917098445595, 0.738255033557047
12,58.666666666666664,None,None, 0.8894645941278065, 0.7902097902097902
12,59.5,None,None, 0.8958333333333334, 0.7880794701986755
12,56.5,None,None, 0.8987993138936535, 0.7619047619047619
12,56.666666666666664,None,None, 0.901213171577123, 0.7534246575342466
12,54.0,None,None, 0.89198606271777, 0.7867647058823529
12,60.666666666666664,None,None, 0.892436974789916, 0.8051948051948052
12,60.0,None,None, 0.9156414762741653, 0.8
12,58.666666666666664,None,None, 0.9001751313485113, 0.8266666666666667
12,54.166666666666664,None,None, 0.9080068143100511, 0.7254901960784313
12,54.333333333333336,None,None, 0.8930390492359932, 0.7692307692307693
12,53.166666666666664,None,None, 0.9013377926421404, 0.7254901960784313
12,56.0,None,None, 0.8957264957264958, 0.832
12,59.333333333333336,None,None, 0.9144385026737968, 0.7748344370860927
12,52.5,None,None, 0.8922558922558923, 0.7467532467532467
12,54.833333333333336,None,None, 0.9217081850533808, 0.7803030303030303
12,60.166666666666664,None,None, 0.9048442906574394, 0.821917808219178
12,56.0,None,None, 0.9060869565217391, 0.7905405405405406
12,55.666666666666664,None,None, 0.8773109243697479, 0.7712418300653595
12,56.833333333333336,None,None, 0.8883248730964467, 0.7748344370860927
12,58.666666666666664,None,None, 0.916083916083916, 0.7898550724637681
12,53.666666666666664,None,None, 0.9089316987740805, 0.7602739726027398
12,55.0,None,None, 0.8994974874371859, 0.7597402597402597
12,58.5,None,None, 0.8762711864406779, 0.8266666666666667
12,58.0,None,None, 0.9083191850594228, 0.7954545454545454
12,56.5,None,None, 0.8857615894039735, 0.8125
12,53.666666666666664,None,None, 0.8938356164383562, 0.7573529411764706
12,51.833333333333336,None,None, 0.8926746166950597, 0.7122302158273381
12,55.5,None,None, 0.8903878583473862, 0.7290322580645161
12,53.166666666666664,None,None, 0.8960138648180243, 0.7368421052631579
12,57.666666666666664,None,None, 0.9008403361344538, 0.7687074829931972
12,54.5,None,None, 0.9016949152542373, 0.7647058823529411
12,55.833333333333336,None,None, 0.8956521739130435, 0.8116883116883117
13,57.833333333333336,None,None, 0.9, 0.7841726618705036
13,55.833333333333336,None,None, 0.8864406779661017, 0.7423312883435583
13,62.666666666666664,None,None, 0.8920741989881956, 0.7449664429530202
13,58.0,None,None, 0.9023090586145648, 0.8541666666666666
13,54.0,None,None, 0.9073426573426573, 0.762589928057554
13,58.666666666666664,None,None, 0.9044117647058824, 0.8194444444444444
13,56.0,None,None, 0.8969072164948454, 0.7612903225806451
13,55.0,None,None, 0.8811074918566775, 0.7065868263473054
13,57.666666666666664,None,None, 0.8920741989881956, 0.7793103448275862
13,57.333333333333336,None,None, 0.9054982817869416, 0.7682119205298014
13,56.666666666666664,None,None, 0.9218472468916519, 0.7985074626865671
13,57.333333333333336,None,None, 0.8973063973063973, 0.7771084337349398
13,57.666666666666664,None,None, 0.8923076923076924, 0.7549668874172185
13,53.833333333333336,None,None, 0.8814691151919867, 0.75
13,56.666666666666664,None,None, 0.9051878354203936, 0.8541666666666666
13,58.0,None,None, 0.9139414802065404, 0.7605633802816901
13,56.5,None,None, 0.9132743362831859, 0.8082191780821918
13,59.666666666666664,None,None, 0.8939130434782608, 0.7785234899328859
13,58.166666666666664,None,None, 0.9184782608695652, 0.8163265306122449
13,58.666666666666664,None,None, 0.8984238178633975, 0.8
13,58.0,None,None, 0.8964346349745331, 0.7866666666666666
13,56.333333333333336,None,None, 0.8802698145025295, 0.7592592592592593
13,59.833333333333336,None,None, 0.8996539792387543, 0.7338129496402878
13,55.333333333333336,None,None, 0.8919382504288165, 0.815068493150685
13,56.333333333333336,None,None, 0.8881578947368421, 0.7105263157894737
13,59.166666666666664,None,None, 0.8944543828264758, 0.8686131386861314
13,55.666666666666664,None,None, 0.898989898989899, 0.7096774193548387
13,57.333333333333336,None,None, 0.9070945945945946, 0.7417218543046358
13,56.0,None,None, 0.8977469670710572, 0.7870967741935484
13,58.5,None,None, 0.8964346349745331, 0.7619047619047619
13,59.833333333333336,None,None, 0.9006968641114983, 0.8206896551724138
13,60.666666666666664,None,None, 0.896551724137931, 0.7837837837837838
13,55.0,None,None, 0.906896551724138, 0.782608695652174
13,55.333333333333336,None,None, 0.8951890034364262, 0.7928571428571428
13,58.833333333333336,None,None, 0.8834459459459459, 0.7770700636942676
13,57.333333333333336,None,None, 0.902229845626072, 0.8041958041958042
13,55.666666666666664,None,None, 0.9128919860627178, 0.7876712328767124
13,55.833333333333336,None,None, 0.8913412563667232, 0.8145695364238411
13,57.0,None,None, 0.8923841059602649, 0.7468354430379747
13,57.166666666666664,None,None, 0.8831385642737897, 0.7756410256410257
13,57.666666666666664,None,None, 0.8918918918918919, 0.7430555555555556
13,56.333333333333336,None,None, 0.9162303664921466, 0.7341772151898734
13,58.333333333333336,None,None, 0.8913043478260869, 0.7402597402597403
13,56.333333333333336,None,None, 0.8701923076923077, 0.7926829268292683
13,57.5,None,None, 0.8904593639575972, 0.8226950354609929
13,54.166666666666664,None,None, 0.8940397350993378, 0.704225352112676
13,53.0,None,None, 0.8772504091653028, 0.7391304347826086
13,57.666666666666664,None,None, 0.9051094890510949, 0.7945205479452054
13,57.5,None,None, 0.897822445561139, 0.7323943661971831
13,54.166666666666664,None,None, 0.9150779896013865, 0.7037037037037037
13,58.333333333333336,None,None, 0.9050086355785838, 0.8108108108108109
13,56.666666666666664,None,None, 0.8967851099830795, 0.7515923566878981
13,56.666666666666664,None,None, 0.8834154351395731, 0.7421383647798742
13,54.333333333333336,None,None, 0.9031719532554258, 0.7535211267605634
13,57.333333333333336,None,None, 0.9087779690189329, 0.75
13,59.0,None,None, 0.8843537414965986, 0.7791411042944786
13,58.833333333333336,None,None, 0.9106830122591943, 0.7448275862068966
13,54.166666666666664,None,None, 0.9008403361344538, 0.7435897435897436
13,53.666666666666664,None,None, 0.9056603773584906, 0.7463768115942029
13,57.333333333333336,None,None, 0.918918918918919, 0.7763157894736842
13,61.0,None,None, 0.9188712522045855, 0.7916666666666666
13,59.5,None,None, 0.8929824561403509, 0.8120805369127517
13,55.333333333333336,None,None, 0.8874172185430463, 0.7169811320754716
13,60.333333333333336,None,None, 0.9095652173913044, 0.7803030303030303
13,56.5,None,None, 0.8901830282861897, 0.8098591549295775
13,59.833333333333336,None,None, 0.8911917098445595, 0.8053691275167785
13,56.833333333333336,None,None, 0.8887043189368771, 0.7196969696969697
13,59.0,None,None, 0.8931698774080561, 0.8013698630136986
13,51.166666666666664,None,None, 0.8984509466437177, 0.7547169811320755
13,56.833333333333336,None,None, 0.903448275862069, 0.8156028368794326
13,57.666666666666664,None,None, 0.9290780141843972, 0.7786259541984732
13,55.333333333333336,None,None, 0.9060402684563759, 0.7
13,57.333333333333336,None,None, 0.8998242530755711, 0.8013245033112583
13,55.166666666666664,None,None, 0.8772504091653028, 0.7682119205298014
13,55.5,None,None, 0.8991596638655462, 0.7006802721088435
13,57.833333333333336,None,None, 0.9010416666666666, 0.7960526315789473
13,57.333333333333336,None,None, 0.8883248730964467, 0.7329192546583851
13,59.0,None,None, 0.8793388429752066, 0.8102189781021898
13,58.5,None,None, 0.8809135399673735, 0.74375
13,60.5,None,None, 0.8838383838383839, 0.7552447552447552
13,59.5,None,None, 0.9097345132743363, 0.821917808219178
13,58.666666666666664,None,None, 0.8938356164383562, 0.7707006369426752
13,59.833333333333336,None,None, 0.927536231884058, 0.7910447761194029
13,54.333333333333336,None,None, 0.8975694444444444, 0.8098591549295775
13,53.833333333333336,None,None, 0.9052631578947369, 0.773972602739726
13,56.0,None,None, 0.8996539792387543, 0.8027210884353742
13,59.833333333333336,None,None, 0.8932203389830509, 0.821917808219178
13,57.5,None,None, 0.8977853492333902, 0.7426470588235294
13,57.166666666666664,None,None, 0.8938356164383562, 0.781021897810219
13,54.833333333333336,None,None, 0.9113043478260869, 0.7397260273972602
13,56.333333333333336,None,None, 0.9111498257839721, 0.7463768115942029
13,55.666666666666664,None,None, 0.901213171577123, 0.7516339869281046
13,53.166666666666664,None,None, 0.8927392739273927, 0.7361111111111112
13,56.666666666666664,None,None, 0.910958904109589, 0.7202797202797203
13,58.5,None,None, 0.8883333333333333, 0.7658227848101266
13,52.5,None,None, 0.875, 0.7402597402597403
13,58.5,None,None, 0.9079646017699115, 0.7925925925925926
13,52.166666666666664,None,None, 0.9064625850340136, 0.7806451612903226
13,57.166666666666664,None,None, 0.8983050847457628, 0.753731343283582
13,55.0,None,None, 0.8969594594594594, 0.7894736842105263
14,58.833333333333336,None,None, 0.8972125435540069, 0.8333333333333334
14,56.333333333333336,None,None, 0.9188712522045855, 0.7482014388489209
14,55.333333333333336,None,None, 0.8929159802306426, 0.717391304347826
14,54.666666666666664,None,None, 0.9094202898550725, 0.8344827586206897
14,55.166666666666664,None,None, 0.902946273830156, 0.8055555555555556
14,57.0,None,None, 0.902946273830156, 0.8263888888888888
14,55.666666666666664,None,None, 0.9106529209621993, 0.7894736842105263
14,58.333333333333336,None,None, 0.9117117117117117, 0.8296296296296296
14,55.666666666666664,None,None, 0.9176470588235294, 0.6944444444444444
14,56.166666666666664,None,None, 0.8961474036850922, 0.7266666666666667
14,53.833333333333336,None,None, 0.902027027027027, 0.7191780821917808
14,57.166666666666664,None,None, 0.8917525773195877, 0.8333333333333334
14,60.833333333333336,None,None, 0.9100719424460432, 0.8540145985401459
14,55.0,None,None, 0.8915254237288136, 0.7741935483870968
14,60.833333333333336,None,None, 0.8762886597938144, 0.8260869565217391
14,55.166666666666664,None,None, 0.8987993138936535, 0.7083333333333334
14,55.0,None,None, 0.8961937716262975, 0.8014705882352942
14,55.833333333333336,None,None, 0.8741610738255033, 0.8116883116883117
14,55.166666666666664,None,None, 0.8957264957264958, 0.7916666666666666
14,59.833333333333336,None,None, 0.8991452991452992, 0.8014184397163121
14,59.333333333333336,None,None, 0.8948275862068965, 0.7777777777777778
14,58.5,None,None, 0.9023972602739726, 0.7793103448275862
14,57.5,None,None, 0.9003436426116839, 0.7588652482269503
14,57.666666666666664,None,None, 0.9162210338680927, 0.7891156462585034
14,54.166666666666664,None,None, 0.899505766062603, 0.6623376623376623
14,54.0,None,None, 0.8927392739273927, 0.7432432432432432
14,56.5,None,None, 0.9017857142857143, 0.8129496402877698
14,59.833333333333336,None,None, 0.8858603066439523, 0.8066666666666666
14,59.333333333333336,None,None, 0.8837606837606837, 0.8028169014084507
14,57.0,None,None, 0.9005145797598628, 0.7612903225806451
14,55.0,None,None, 0.8991596638655462, 0.7687074829931972
14,55.5,None,None, 0.8986486486486487, 0.7432432432432432
14,53.833333333333336,None,None, 0.9071803852889667, 0.7777777777777778
14,59.166666666666664,None,None, 0.9013840830449827, 0.7884615384615384
14,57.0,None,None, 0.9152249134948097, 0.8062015503875969
14,57.666666666666664,None,None, 0.8855721393034826, 0.7393939393939394
14,57.833333333333336,None,None, 0.9010238907849829, 0.7467532467532467
14,56.5,None,None, 0.8968531468531469, 0.8053691275167785
14,56.833333333333336,None,None, 0.8917089678510999, 0.7243589743589743
14,54.5,None,None, 0.8988391376451078, 0.7635135135135135
14,58.166666666666664,None,None, 0.9017241379310345, 0.7655172413793103
14,56.166666666666664,None,None, 0.8898450946643718, 0.75
14,57.166666666666664,None,None, 0.9092465753424658, 0.7755102040816326
14,56.0,None,None, 0.8877551020408163, 0.7763157894736842
14,56.166666666666664,None,None, 0.8866328257191202, 0.7453416149068323
14,57.666666666666664,None,None, 0.8972972972972973, 0.8235294117647058
14,58.666666666666664,None,None, 0.9061976549413735, 0.7612903225806451
14,58.833333333333336,None,None, 0.8996598639455783, 0.754601226993865
14,59.333333333333336,None,None, 0.8969072164948454, 0.7718120805369127
14,56.5,None,None, 0.9123102866779089, 0.7077922077922078
14,59.833333333333336,None,None, 0.8839590443686007, 0.8012422360248447
14,60.5,None,None, 0.9137323943661971, 0.7702702702702703
14,57.5,None,None, 0.8868552412645591, 0.6912751677852349
14,58.0,None,None, 0.8964912280701754, 0.8169014084507042
14,59.333333333333336,None,None, 0.9043478260869565, 0.7483443708609272
14,58.0,None,None, 0.8996598639455783, 0.7615894039735099
14,57.5,None,None, 0.8996478873239436, 0.8478260869565217
14,59.833333333333336,None,None, 0.903107861060329, 0.8571428571428571
14,56.0,None,None, 0.9018612521150592, 0.7361111111111112
14,58.666666666666664,None,None, 0.8952042628774423, 0.8611111111111112
14,59.833333333333336,None,None, 0.9136442141623489, 0.7631578947368421
14,58.333333333333336,None,None, 0.8966725043782837, 0.8175675675675675
14,56.166666666666664,None,None, 0.8894230769230769, 0.7025316455696202
14,57.333333333333336,None,None, 0.9100346020761245, 0.7730496453900709
14,57.833333333333336,None,None, 0.9135802469135802, 0.7583892617449665
14,59.5,None,None, 0.9078260869565218, 0.8211920529801324
14,54.833333333333336,None,None, 0.891566265060241, 0.7986111111111112
14,57.166666666666664,None,None, 0.8741610738255033, 0.7986577181208053
14,54.166666666666664,None,None, 0.8873483535528596, 0.78
14,56.0,None,None, 0.8987783595113438, 0.7432432432432432
14,61.666666666666664,None,None, 0.9105263157894737, 0.7987012987012987
14,57.833333333333336,None,None, 0.890625, 0.8133333333333334
14,59.166666666666664,None,None, 0.9014336917562724, 0.8041958041958042
14,55.166666666666664,None,None, 0.8840336134453781, 0.7876712328767124
14,57.0,None,None, 0.8852739726027398, 0.8026315789473685
14,54.833333333333336,None,None, 0.8705501618122977, 0.7467532467532467
14,57.833333333333336,None,None, 0.905982905982906, 0.8137931034482758
14,57.0,None,None, 0.8865131578947368, 0.7
14,59.333333333333336,None,None, 0.9216757741347905, 0.8181818181818182
14,56.166666666666664,None,None, 0.8877887788778878, 0.7006369426751592
14,56.166666666666664,None,None, 0.8933333333333333, 0.6986301369863014
14,56.666666666666664,None,None, 0.8894472361809045, 0.7763975155279503
14,55.833333333333336,None,None, 0.885, 0.7677419354838709
14,58.833333333333336,None,None, 0.8975694444444444, 0.7718120805369127
14,61.0,None,None, 0.8933566433566433, 0.7898089171974523
14,58.5,None,None, 0.9032815198618307, 0.76
14,58.0,None,None, 0.9142857142857143, 0.8068965517241379
14,58.833333333333336,None,None, 0.9045138888888888, 0.8055555555555556
14,59.333333333333336,None,None, 0.8934707903780069, 0.806060606060606
14,58.833333333333336,None,None, 0.9147424511545293, 0.7902097902097902
14,55.333333333333336,None,None, 0.8879598662207357, 0.7615894039735099
14,56.0,None,None, 0.8805460750853242, 0.7945205479452054
14,56.5,None,None, 0.9163701067615658, 0.7583892617449665
14,56.166666666666664,None,None, 0.8950086058519794, 0.8244274809160306
14,57.5,None,None, 0.9148550724637681, 0.781021897810219
14,57.666666666666664,None,None, 0.8900343642611683, 0.7697368421052632
14,55.833333333333336,None,None, 0.9133448873483535, 0.7878787878787878
14,57.166666666666664,None,None, 0.9008695652173913, 0.7801418439716312
14,56.666666666666664,None,None, 0.8860544217687075, 0.7549668874172185
14,59.333333333333336,None,None, 0.9030612244897959, 0.7591240875912408
